country,month,y_true,y_pred,y_prob
JPN,2018-01-31,0,0,0.2122979337107306
ISR,2018-01-31,0,0,0.2079360743820331
AUS,2018-01-31,0,0,0.21598883929801901
IDN,2018-01-31,0,0,0.2738520014302279
TUR,2018-01-31,0,0,0.3449206511873019
ARG,2018-01-31,0,1,0.7857657000981125
SGP,2018-01-31,0,0,0.19959490089714557
NOR,2018-01-31,0,0,0.2895916169986692
ESP,2018-01-31,0,0,0.24480629224942632
THA,2018-01-31,0,0,0.22538195180809162
CHN,2018-01-31,0,0,0.2319981640942894
ARE,2018-01-31,0,0,0.22238307445443292
BRA,2018-01-31,0,0,0.37017754087610294
DEU,2018-01-31,0,0,0.24496822406655075
FRA,2018-01-31,0,0,0.2082811482386601
CAN,2018-01-31,0,0,0.2159675611937751
CHE,2018-01-31,0,0,0.19379960638931204
IRL,2018-01-31,0,0,0.19312358904224744
RUS,2018-01-31,0,0,0.1945691325694253
IND,2018-01-31,0,0,0.48792438120446496
BEL,2018-01-31,0,0,0.1942546729503195
SWE,2018-01-31,0,0,0.19063805169470305
POL,2018-01-31,0,0,0.19233087567127485
KOR,2018-01-31,0,0,0.24539593259489423
MEX,2018-01-31,0,0,0.3641007842961151
SAU,2018-01-31,0,0,0.25956419986752927
USA,2018-01-31,0,0,0.29348926861903496
GBR,2018-01-31,0,0,0.26291849976189746
ITA,2018-01-31,0,0,0.20622832030730862
NLD,2018-01-31,0,0,0.20089063081507633
CHN,2018-02-28,0,0,0.23495136028505395
BRA,2018-02-28,0,0,0.337837880864229
DEU,2018-02-28,0,0,0.27982512297832374
IRL,2018-02-28,0,0,0.18667689381438293
JPN,2018-02-28,0,0,0.2428817126606324
POL,2018-02-28,0,0,0.2083690710016383
GBR,2018-02-28,0,0,0.2692294694734254
CAN,2018-02-28,0,0,0.23059140415005985
IDN,2018-02-28,0,0,0.20597927788146755
BEL,2018-02-28,0,0,0.18822441733307668
SAU,2018-02-28,0,0,0.21813177115891533
THA,2018-02-28,0,0,0.1958806137501392
FRA,2018-02-28,0,0,0.22925981329872988
SWE,2018-02-28,0,0,0.194806895165798
NOR,2018-02-28,0,0,0.24275206441300534
ARG,2018-02-28,0,1,0.7750415888535604
ESP,2018-02-28,0,0,0.20483738336707122
RUS,2018-02-28,0,0,0.19595310532278098
ITA,2018-02-28,0,0,0.2014885927633573
ARE,2018-02-28,0,0,0.20996378436589228
SGP,2018-02-28,0,0,0.1991465354267448
ISR,2018-02-28,0,0,0.21965966033805995
IND,2018-02-28,0,0,0.37021481828694575
USA,2018-02-28,0,0,0.3549755439447148
MEX,2018-02-28,0,0,0.45968086099021493
TUR,2018-02-28,0,0,0.4517324034474563
NLD,2018-02-28,0,0,0.1961381559071066
CHE,2018-02-28,0,0,0.19878295308010321
KOR,2018-02-28,0,0,0.2685806200347346
AUS,2018-02-28,0,0,0.21082137886611999
BRA,2018-03-31,0,0,0.29362772159837053
SWE,2018-03-31,0,0,0.18790335243720513
ARG,2018-03-31,0,1,0.775825704453
DEU,2018-03-31,0,0,0.2147674765766382
RUS,2018-03-31,0,0,0.23529383137225088
NLD,2018-03-31,0,0,0.21201597973679753
AUS,2018-03-31,0,0,0.22416971713954278
KOR,2018-03-31,0,0,0.307804529094964
THA,2018-03-31,0,0,0.19664744941559412
SAU,2018-03-31,0,0,0.23617408983655844
GBR,2018-03-31,0,0,0.21665256387894485
POL,2018-03-31,0,0,0.21427822405657762
IRL,2018-03-31,0,0,0.18929298686923424
ITA,2018-03-31,0,0,0.21052896153915968
CHE,2018-03-31,0,0,0.1893643495820353
ARE,2018-03-31,0,0,0.19976400110698442
JPN,2018-03-31,0,0,0.22715772588344615
ISR,2018-03-31,0,0,0.22597269177209878
MEX,2018-03-31,0,0,0.4245084602711917
IDN,2018-03-31,0,0,0.2567554258935928
IND,2018-03-31,0,0,0.2923576900938985
ESP,2018-03-31,0,0,0.28738361660635
USA,2018-03-31,0,0,0.2551604301861962
NOR,2018-03-31,0,0,0.3826464601894017
CAN,2018-03-31,0,0,0.2778588970869938
TUR,2018-03-31,0,0,0.4007031179993142
FRA,2018-03-31,0,0,0.21395673031765494
CHN,2018-03-31,0,0,0.2401468638177633
SGP,2018-03-31,0,0,0.1991465354267448
BEL,2018-03-31,0,0,0.1899457374202582
NLD,2018-04-30,0,0,0.2022937976944629
CHN,2018-04-30,0,0,0.22232942210489814
CHE,2018-04-30,0,0,0.19056764251653815
IDN,2018-04-30,0,0,0.24631051730698136
BRA,2018-04-30,0,0,0.32245405945874633
MEX,2018-04-30,0,0,0.34959202248869775
IRL,2018-04-30,0,0,0.18670859322330072
NOR,2018-04-30,0,0,0.42782234535596125
SAU,2018-04-30,0,0,0.25813245157004744
TUR,2018-04-30,0,0,0.377899357065511
ESP,2018-04-30,0,0,0.21831300810106943
SGP,2018-04-30,0,0,0.1904125354857692
JPN,2018-04-30,0,0,0.2000952940749846
CAN,2018-04-30,0,0,0.2216648281477505
KOR,2018-04-30,0,0,0.256322704803994
ARE,2018-04-30,0,0,0.21454542508557317
BEL,2018-04-30,0,0,0.19529505250078086
FRA,2018-04-30,0,0,0.21612115974618007
USA,2018-04-30,0,0,0.3856531600525326
IND,2018-04-30,0,0,0.27912347661696385
THA,2018-04-30,0,0,0.19684336003475933
RUS,2018-04-30,0,0,0.22190539663080788
AUS,2018-04-30,0,0,0.20582607544041095
ITA,2018-04-30,0,0,0.20578471287565137
POL,2018-04-30,0,0,0.1914043009798249
SWE,2018-04-30,0,0,0.2126786944676924
GBR,2018-04-30,0,0,0.2482578515889178
ARG,2018-04-30,0,1,0.7861682809140436
DEU,2018-04-30,0,0,0.24241211011210717
ISR,2018-04-30,0,0,0.22954586811725397
ITA,2018-05-31,0,0,0.19350671542465328
JPN,2018-05-31,0,0,0.2154674471917669
CHE,2018-05-31,0,0,0.19018651032242465
BRA,2018-05-31,0,0,0.2693847839353176
SGP,2018-05-31,0,0,0.18936098965822687
BEL,2018-05-31,0,0,0.19591823906113873
CHN,2018-05-31,0,0,0.24604305366060839
TUR,2018-05-31,0,0,0.36298513968741225
DEU,2018-05-31,0,0,0.2800072612876667
RUS,2018-05-31,0,0,0.20234004218091595
SWE,2018-05-31,0,0,0.20368167259895387
ARG,2018-05-31,0,1,0.7891217720615572
ISR,2018-05-31,0,0,0.20213995101286508
SAU,2018-05-31,0,0,0.2326222720961905
MEX,2018-05-31,0,0,0.36629555347275744
USA,2018-05-31,0,0,0.23152545706561534
IDN,2018-05-31,0,0,0.2657523274260499
NLD,2018-05-31,0,0,0.19031068117205532
NOR,2018-05-31,0,0,0.22990618905215424
IND,2018-05-31,0,0,0.5295976835055692
KOR,2018-05-31,0,0,0.2591519585276785
FRA,2018-05-31,0,0,0.27429569001828336
ESP,2018-05-31,0,0,0.24115609502930813
THA,2018-05-31,0,0,0.1937497175106545
CAN,2018-05-31,0,0,0.28214173061723197
IRL,2018-05-31,0,0,0.18693367530763838
ARE,2018-05-31,0,0,0.2064854617512115
POL,2018-05-31,0,0,0.19502015197062983
AUS,2018-05-31,0,0,0.2634272883337974
GBR,2018-05-31,0,0,0.3619591003325871
IND,2018-06-30,0,1,0.7117888363390015
THA,2018-06-30,0,0,0.20739661766635684
AUS,2018-06-30,0,0,0.24133788151687388
KOR,2018-06-30,0,0,0.501901400842219
IDN,2018-06-30,0,0,0.25096792829068487
BRA,2018-06-30,0,0,0.2855892866206265
BEL,2018-06-30,0,0,0.19879322114433415
ARG,2018-06-30,0,1,0.7640339600141437
FRA,2018-06-30,0,0,0.3506069374930141
TUR,2018-06-30,0,1,0.7644450047880746
SWE,2018-06-30,0,0,0.1932548701612681
DEU,2018-06-30,0,0,0.2846309411949803
ARE,2018-06-30,0,0,0.3139651774517688
SGP,2018-06-30,0,0,0.20640353807993797
CHN,2018-06-30,0,0,0.37673878491489665
IRL,2018-06-30,0,0,0.20831335948851745
CHE,2018-06-30,0,0,0.20734733768563055
GBR,2018-06-30,0,0,0.23755364817002955
POL,2018-06-30,0,0,0.1974859727474213
USA,2018-06-30,0,0,0.5894969604081007
MEX,2018-06-30,0,1,0.7245298956143668
JPN,2018-06-30,0,0,0.3759340245148672
CAN,2018-06-30,0,0,0.4339945333476343
SAU,2018-06-30,0,1,0.6655388897910587
NLD,2018-06-30,0,0,0.19872303361774024
ITA,2018-06-30,0,0,0.35337912544801475
RUS,2018-06-30,0,0,0.5490200591478401
ESP,2018-06-30,0,0,0.49380826322707927
ISR,2018-06-30,0,0,0.2875190373545059
NOR,2018-06-30,0,0,0.5529851709525953
ESP,2018-07-31,0,0,0.25907578901974243
AUS,2018-07-31,0,0,0.4518691555436889
DEU,2018-07-31,0,0,0.5523085499000705
SGP,2018-07-31,0,0,0.20542117685316078
TUR,2018-07-31,0,1,0.7486131913791434
ISR,2018-07-31,0,0,0.2751778821171976
FRA,2018-07-31,0,0,0.34879874024252855
IND,2018-07-31,0,0,0.5219728485045657
JPN,2018-07-31,0,0,0.24359310203192805
ARG,2018-07-31,0,1,0.7853080601666154
BEL,2018-07-31,0,0,0.19568570582668196
ITA,2018-07-31,0,0,0.2964617877256168
CAN,2018-07-31,0,0,0.518560663641729
GBR,2018-07-31,0,0,0.5918828885296976
SAU,2018-07-31,0,0,0.4826432505957336
POL,2018-07-31,0,0,0.19661238870184902
ARE,2018-07-31,0,0,0.2518621919333302
KOR,2018-07-31,0,0,0.44281085084995125
IRL,2018-07-31,0,0,0.21461530940671059
IDN,2018-07-31,0,1,0.6004939366878536
NLD,2018-07-31,0,0,0.19837271753284083
CHE,2018-07-31,0,0,0.19897191143301649
USA,2018-07-31,0,1,0.6186833095377464
MEX,2018-07-31,0,1,0.7212629438142177
SWE,2018-07-31,0,0,0.21634856518192916
CHN,2018-07-31,0,0,0.2860134158732264
NOR,2018-07-31,0,0,0.47835245886624095
BRA,2018-07-31,0,1,0.6506772643874156
RUS,2018-07-31,0,0,0.41725641047817863
THA,2018-07-31,0,0,0.20227247739204446
RUS,2018-08-31,0,0,0.29294673107701535
ARG,2018-08-31,0,1,0.775261582671007
SAU,2018-08-31,0,1,0.6242426201991207
KOR,2018-08-31,0,0,0.32536792428330125
GBR,2018-08-31,0,0,0.5139142267489628
SGP,2018-08-31,0,0,0.2681012954763552
ITA,2018-08-31,0,0,0.24357670176754484
NOR,2018-08-31,0,1,0.6891243901305769
CHN,2018-08-31,0,0,0.42769178473310404
ISR,2018-08-31,0,0,0.4272905884784941
CAN,2018-08-31,0,0,0.5377516074824201
ARE,2018-08-31,0,0,0.23283537996256246
ESP,2018-08-31,0,0,0.4389808494221299
NLD,2018-08-31,0,0,0.2023344847682973
MEX,2018-08-31,0,1,0.7578820840045776
BEL,2018-08-31,0,0,0.20411146743030242
IDN,2018-08-31,0,1,0.6083392314910633
POL,2018-08-31,0,0,0.2116348099728277
CHE,2018-08-31,0,0,0.19061361820778763
THA,2018-08-31,0,0,0.19992527552778547
DEU,2018-08-31,0,0,0.2889121133745698
JPN,2018-08-31,0,0,0.33590727646496804
SWE,2018-08-31,0,0,0.19619093217844155
AUS,2018-08-31,0,0,0.34955826440558946
IND,2018-08-31,0,1,0.7704989325230541
FRA,2018-08-31,0,0,0.3707699233439505
IRL,2018-08-31,0,0,0.21239565972647245
BRA,2018-08-31,0,0,0.5129201386627464
TUR,2018-08-31,0,1,0.777445929205982
USA,2018-08-31,0,0,0.5546956259769527
BRA,2018-09-30,0,1,0.6079044039952172
NLD,2018-09-30,0,0,0.1975233813129383
POL,2018-09-30,0,0,0.2369047565240335
IRL,2018-09-30,0,0,0.20333295760286343
JPN,2018-09-30,0,0,0.40926696373898364
CAN,2018-09-30,0,1,0.6715276784928642
IDN,2018-09-30,0,0,0.42805114150481743
MEX,2018-09-30,0,1,0.6636198725030849
GBR,2018-09-30,0,0,0.4764182234150606
KOR,2018-09-30,0,0,0.5181579161056747
TUR,2018-09-30,0,1,0.7747937954017939
USA,2018-09-30,0,1,0.6422103948406358
IND,2018-09-30,0,1,0.7086158473305072
SWE,2018-09-30,0,0,0.2842948741459735
SAU,2018-09-30,0,0,0.2675996061875512
THA,2018-09-30,0,0,0.19700192669008224
RUS,2018-09-30,0,0,0.2367414077178768
ESP,2018-09-30,0,0,0.29798465318306516
BEL,2018-09-30,0,0,0.19378861805536282
AUS,2018-09-30,0,0,0.27668947070282784
DEU,2018-09-30,0,0,0.5139142472034591
FRA,2018-09-30,0,0,0.3472275829382146
ARG,2018-09-30,0,1,0.7734322096507956
ISR,2018-09-30,0,0,0.33018734944541156
SGP,2018-09-30,0,0,0.2080070725657781
NOR,2018-09-30,0,1,0.654271123838019
CHN,2018-09-30,0,0,0.40421192423553626
ARE,2018-09-30,0,0,0.28340767437409037
CHE,2018-09-30,0,0,0.19195179263579973
ITA,2018-09-30,0,0,0.36669676221337993
RUS,2018-10-31,0,0,0.27930608741986723
ARG,2018-10-31,0,1,0.7692816113424518
IDN,2018-10-31,0,0,0.4285277895020136
USA,2018-10-31,0,1,0.6067534771980568
ITA,2018-10-31,0,0,0.21893611665295265
IND,2018-10-31,0,1,0.7429731791556665
ARE,2018-10-31,0,0,0.2617295339185184
BEL,2018-10-31,0,0,0.203465575540364
NLD,2018-10-31,0,0,0.2131067282046649
AUS,2018-10-31,0,0,0.30541419685722465
ESP,2018-10-31,0,0,0.3173303102650113
BRA,2018-10-31,0,1,0.7352998294882047
IRL,2018-10-31,0,0,0.19400485678327573
GBR,2018-10-31,0,0,0.5734149827995804
THA,2018-10-31,0,0,0.21898995492294135
POL,2018-10-31,0,0,0.20040938222164958
TUR,2018-10-31,0,1,0.6982002941952666
FRA,2018-10-31,0,0,0.4360075893300017
KOR,2018-10-31,0,0,0.46403658083548116
CAN,2018-10-31,0,0,0.3832026161268806
SGP,2018-10-31,0,0,0.19475153838698267
CHE,2018-10-31,0,0,0.19045859951022073
NOR,2018-10-31,0,1,0.6779447783407839
MEX,2018-10-31,0,1,0.7704500645246615
DEU,2018-10-31,0,0,0.5174975235298551
CHN,2018-10-31,0,0,0.4274259654493416
JPN,2018-10-31,0,0,0.31676011259646963
ISR,2018-10-31,0,0,0.2777779566662988
SWE,2018-10-31,0,0,0.23322973983767425
SAU,2018-10-31,0,0,0.34862326649816017
NOR,2018-11-30,0,0,0.4290517856919078
THA,2018-11-30,0,0,0.24481630565488058
USA,2018-11-30,0,1,0.724112776576149
IRL,2018-11-30,0,0,0.23126891637631763
AUS,2018-11-30,0,0,0.4183737127600786
BRA,2018-11-30,0,1,0.763410214562656
FRA,2018-11-30,0,0,0.5481529544598523
ESP,2018-11-30,0,0,0.30891682286991484
GBR,2018-11-30,0,0,0.49654691668890427
POL,2018-11-30,0,0,0.22014813821771306
CAN,2018-11-30,0,0,0.3088778790098964
KOR,2018-11-30,0,0,0.34729727108613
CHE,2018-11-30,0,0,0.19091442771588815
ARE,2018-11-30,0,0,0.2982494493272132
DEU,2018-11-30,0,0,0.371762472805828
ISR,2018-11-30,0,0,0.3071824382892102
ARG,2018-11-30,0,1,0.7913477030986161
ITA,2018-11-30,0,0,0.2438666434726647
IDN,2018-11-30,0,0,0.4356249284741134
IND,2018-11-30,0,1,0.7852449737087287
BEL,2018-11-30,0,0,0.22970908503675405
JPN,2018-11-30,0,0,0.38102949633521477
RUS,2018-11-30,0,0,0.4776736817768928
SAU,2018-11-30,0,0,0.30726071012645634
NLD,2018-11-30,0,0,0.22285791423050264
SWE,2018-11-30,0,0,0.19836083704127647
SGP,2018-11-30,0,0,0.20750251883327384
TUR,2018-11-30,0,1,0.7347006844747749
MEX,2018-11-30,0,1,0.7328772841569781
CHN,2018-11-30,0,0,0.37518729105864645
POL,2018-12-31,0,0,0.19461879274550367
TUR,2018-12-31,1,1,0.7551327324394377
KOR,2018-12-31,0,0,0.40338365550527344
DEU,2018-12-31,0,0,0.35839787531195055
BEL,2018-12-31,0,0,0.19358725982174088
IDN,2018-12-31,0,0,0.4570611600063606
SAU,2018-12-31,0,0,0.41771384093022595
ESP,2018-12-31,0,0,0.24669805407290893
IRL,2018-12-31,0,0,0.19128885918324134
ARE,2018-12-31,0,0,0.27741442924623877
FRA,2018-12-31,0,0,0.4698811556618127
CAN,2018-12-31,0,0,0.5901390167332837
SGP,2018-12-31,0,0,0.19827527217800703
GBR,2018-12-31,0,1,0.6579996416366849
ITA,2018-12-31,0,0,0.33201183081026714
USA,2018-12-31,0,0,0.4536603034861639
CHN,2018-12-31,0,0,0.4381225919826515
CHE,2018-12-31,0,0,0.23987565801991004
AUS,2018-12-31,0,0,0.37497920401759727
MEX,2018-12-31,0,1,0.6723252419433271
ISR,2018-12-31,0,0,0.3883174755374544
NLD,2018-12-31,0,0,0.20274049176444886
IND,2018-12-31,0,1,0.7520940829615078
NOR,2018-12-31,0,1,0.6908346129897714
JPN,2018-12-31,0,0,0.36674382051430715
ARG,2018-12-31,1,1,0.6252060763221318
RUS,2018-12-31,0,0,0.39007735554707784
BRA,2018-12-31,1,0,0.3847529955948253
THA,2018-12-31,0,0,0.2168698405084375
SWE,2018-12-31,0,0,0.2152822950762117
IRL,2019-01-31,0,0,0.18749393170279802
MEX,2019-01-31,0,0,0.26689470887165484
CHE,2019-01-31,0,0,0.193069401405501
DEU,2019-01-31,0,0,0.21534372373201474
BRA,2019-01-31,0,0,0.32313060321542547
BEL,2019-01-31,0,0,0.19009692318894503
ARE,2019-01-31,0,0,0.19657053042925995
JPN,2019-01-31,0,0,0.20854918021298688
KOR,2019-01-31,0,0,0.2359805562192434
ISR,2019-01-31,0,0,0.3188150218386204
ARG,2019-01-31,0,0,0.3352659232873853
CAN,2019-01-31,0,0,0.2769322276052712
NOR,2019-01-31,0,0,0.25098678501455013
THA,2019-01-31,0,0,0.22552739155532353
SWE,2019-01-31,0,0,0.1887643649751286
USA,2019-01-31,0,0,0.22802524449150208
IND,2019-01-31,0,0,0.3301937734624288
NLD,2019-01-31,0,0,0.22631601736199322
AUS,2019-01-31,0,0,0.23402626923139466
RUS,2019-01-31,0,0,0.3004002509012694
ITA,2019-01-31,0,0,0.19911134513417342
SGP,2019-01-31,0,0,0.20767558207109463
FRA,2019-01-31,0,0,0.26562687675190166
GBR,2019-01-31,0,0,0.23551071301200124
IDN,2019-01-31,0,0,0.24876347413109023
CHN,2019-01-31,0,0,0.2730056720847605
SAU,2019-01-31,0,0,0.19580486455943236
ESP,2019-01-31,0,0,0.2329221645850195
POL,2019-01-31,0,0,0.21353429208288355
TUR,2019-01-31,0,0,0.41346574093534216
USA,2019-02-28,0,0,0.26591200539255716
SAU,2019-02-28,0,0,0.20836320657014493
ESP,2019-02-28,0,0,0.2019647208311716
NLD,2019-02-28,0,0,0.22880853722544256
ARG,2019-02-28,0,0,0.3320923288038356
CHE,2019-02-28,0,0,0.19020191095647299
BEL,2019-02-28,0,0,0.21172104495770083
RUS,2019-02-28,0,0,0.3897946718643131
SGP,2019-02-28,0,0,0.1885548140008119
SWE,2019-02-28,0,0,0.18705134401977083
NOR,2019-02-28,0,0,0.24945778501674443
JPN,2019-02-28,0,0,0.21282875691562905
KOR,2019-02-28,0,0,0.2795099727558121
THA,2019-02-28,0,0,0.20063497122182783
AUS,2019-02-28,0,0,0.20830250947345583
IRL,2019-02-28,0,0,0.18628149995020413
IND,2019-02-28,0,0,0.30590963167069
ITA,2019-02-28,0,0,0.21882151172887385
BRA,2019-02-28,0,0,0.29450936516120035
POL,2019-02-28,0,0,0.2048192219647522
FRA,2019-02-28,0,0,0.21490525998889023
CHN,2019-02-28,0,0,0.22396567397588085
IDN,2019-02-28,0,0,0.2525668010126209
ARE,2019-02-28,0,0,0.1912828301458734
MEX,2019-02-28,0,0,0.2794032343848356
ISR,2019-02-28,0,0,0.30940097858864846
DEU,2019-02-28,0,0,0.2873841323579955
GBR,2019-02-28,0,0,0.33212516603045605
TUR,2019-02-28,0,0,0.46932178539546476
CAN,2019-02-28,0,0,0.2184937287741233
ISR,2019-03-31,0,0,0.3912155510645989
TUR,2019-03-31,0,0,0.3363173590472243
KOR,2019-03-31,0,0,0.22137295792209158
CHE,2019-03-31,0,0,0.190124517953129
ESP,2019-03-31,0,0,0.21554918279501842
SWE,2019-03-31,0,0,0.2017773329161736
BEL,2019-03-31,0,0,0.1927583275025807
SAU,2019-03-31,0,0,0.19306681698434638
NLD,2019-03-31,0,0,0.20358830649383622
IRL,2019-03-31,0,0,0.18749451217551183
MEX,2019-03-31,0,0,0.24829933139242588
JPN,2019-03-31,0,0,0.20555823784333419
CAN,2019-03-31,0,0,0.23105458302294415
RUS,2019-03-31,0,0,0.3971761407066771
BRA,2019-03-31,0,0,0.4073929337387698
ARG,2019-03-31,0,0,0.44583843271932483
USA,2019-03-31,0,0,0.2359353977430498
GBR,2019-03-31,0,0,0.2937788614358861
POL,2019-03-31,0,0,0.2205068630407857
FRA,2019-03-31,0,0,0.2272224018277055
ARE,2019-03-31,0,0,0.19665955923579118
CHN,2019-03-31,0,0,0.34114839171816375
ITA,2019-03-31,0,0,0.19715748743396763
IND,2019-03-31,0,0,0.3136627556421551
DEU,2019-03-31,0,0,0.21523243565705316
SGP,2019-03-31,0,0,0.2064979392426289
AUS,2019-03-31,0,0,0.21878700632587256
THA,2019-03-31,0,0,0.21717341206043952
IDN,2019-03-31,0,0,0.310218266159928
NOR,2019-03-31,0,0,0.2763993830159928
CHN,2019-04-30,0,0,0.370428371119275
SGP,2019-04-30,0,0,0.1968877416641791
ISR,2019-04-30,0,0,0.38362196632400264
NOR,2019-04-30,0,0,0.22276267489365434
GBR,2019-04-30,0,0,0.2325590271002116
AUS,2019-04-30,0,0,0.2009575691962958
CAN,2019-04-30,0,0,0.24818711712079797
SAU,2019-04-30,0,0,0.19490841352802804
THA,2019-04-30,0,0,0.193719983965164
FRA,2019-04-30,0,0,0.24219963381684018
SWE,2019-04-30,0,0,0.1878645887561766
NLD,2019-04-30,0,0,0.21423522701419603
ESP,2019-04-30,0,0,0.2133088476356777
POL,2019-04-30,0,0,0.21694351598519332
ARG,2019-04-30,0,0,0.5310309109295953
ARE,2019-04-30,0,0,0.19146479433573713
ITA,2019-04-30,0,0,0.20821365739616535
BRA,2019-04-30,0,0,0.4004370577120466
IDN,2019-04-30,0,0,0.27783610889196764
RUS,2019-04-30,0,0,0.39958713167957965
IND,2019-04-30,0,0,0.44464793306264766
IRL,2019-04-30,0,0,0.18857400479998174
JPN,2019-04-30,0,0,0.26961393683660545
DEU,2019-04-30,0,0,0.21232414230395527
BEL,2019-04-30,0,0,0.18639229123464665
USA,2019-04-30,0,0,0.23122668615894457
CHE,2019-04-30,0,0,0.1874612458746474
TUR,2019-04-30,0,0,0.3298071672601323
MEX,2019-04-30,0,0,0.28271458107135294
KOR,2019-04-30,0,0,0.2867789014090761
IND,2019-05-31,0,0,0.3157013971220001
DEU,2019-05-31,0,0,0.23402078313203836
RUS,2019-05-31,0,0,0.4230084765895459
SGP,2019-05-31,0,0,0.1968237552859752
ITA,2019-05-31,0,0,0.19984910176764317
ARE,2019-05-31,0,0,0.19088190901683164
FRA,2019-05-31,0,0,0.23525825838978906
ESP,2019-05-31,0,0,0.25562480725647213
CHE,2019-05-31,0,0,0.20898214875151486
GBR,2019-05-31,0,0,0.30657948552779407
USA,2019-05-31,0,0,0.20213421490882155
AUS,2019-05-31,0,0,0.26841666798078917
THA,2019-05-31,0,0,0.20805915351567625
IDN,2019-05-31,0,0,0.24908854665108604
NOR,2019-05-31,0,0,0.3325473334081648
ISR,2019-05-31,0,0,0.47575691723162333
SAU,2019-05-31,0,0,0.20554986404005526
BEL,2019-05-31,0,0,0.1923567669428677
MEX,2019-05-31,0,0,0.29590778703744597
ARG,2019-05-31,0,0,0.5638964263473183
NLD,2019-05-31,0,0,0.2198642256052367
SWE,2019-05-31,0,0,0.2025775592037847
IRL,2019-05-31,0,0,0.20303298522225866
BRA,2019-05-31,0,0,0.26946886985449736
CHN,2019-05-31,0,0,0.34102863792983945
CAN,2019-05-31,0,0,0.202597412761628
KOR,2019-05-31,0,0,0.3238198029469335
TUR,2019-05-31,0,0,0.45199286454475573
JPN,2019-05-31,0,0,0.21790115202874547
POL,2019-05-31,0,0,0.20044030068661248
IRL,2019-06-30,0,0,0.19498087570129577
CAN,2019-06-30,0,0,0.43834015751875915
KOR,2019-06-30,0,0,0.34709235395801846
CHE,2019-06-30,0,0,0.22297238989138454
ISR,2019-06-30,0,0,0.40695501692651215
DEU,2019-06-30,0,0,0.331788539545797
SWE,2019-06-30,0,0,0.23134537554340429
GBR,2019-06-30,0,0,0.5926240811210847
ARG,2019-06-30,0,1,0.7732349040228331
USA,2019-06-30,0,0,0.3846474757816692
ARE,2019-06-30,0,0,0.22656880752033204
ITA,2019-06-30,0,0,0.26440080248646475
IND,2019-06-30,0,1,0.7444362719674484
RUS,2019-06-30,0,1,0.6996648153844264
IDN,2019-06-30,0,0,0.5880092452651625
BRA,2019-06-30,0,1,0.7255958723727539
JPN,2019-06-30,0,0,0.2948171080342921
POL,2019-06-30,0,0,0.2294705918449967
MEX,2019-06-30,0,0,0.43348602766413746
BEL,2019-06-30,0,0,0.19963568941363855
TUR,2019-06-30,0,1,0.7726015075675097
THA,2019-06-30,0,0,0.22717103806117023
SAU,2019-06-30,0,0,0.21631501860479374
FRA,2019-06-30,0,0,0.32935962136799163
AUS,2019-06-30,0,0,0.23710177383947273
NOR,2019-06-30,0,0,0.40492251795139067
NLD,2019-06-30,0,0,0.3462904754253479
CHN,2019-06-30,0,0,0.3670384371898858
SGP,2019-06-30,0,0,0.21711466954951264
ESP,2019-06-30,0,0,0.40219554724132744
SWE,2019-07-31,0,0,0.20499602629620348
BRA,2019-07-31,0,0,0.43300879272059883
THA,2019-07-31,0,0,0.21672491056072643
IDN,2019-07-31,0,1,0.6058712294579739
SAU,2019-07-31,0,0,0.29253949551080244
SGP,2019-07-31,0,0,0.2523590805714819
CAN,2019-07-31,0,0,0.45599760815646295
MEX,2019-07-31,0,0,0.5803328846651518
ARE,2019-07-31,0,0,0.2178819855133917
KOR,2019-07-31,0,0,0.40790875322913084
USA,2019-07-31,0,0,0.3850018808306654
FRA,2019-07-31,0,0,0.3127814122963614
GBR,2019-07-31,0,0,0.37048434679619935
JPN,2019-07-31,0,0,0.43752707064262836
POL,2019-07-31,0,0,0.2666969210083217
RUS,2019-07-31,0,1,0.6644258558953514
TUR,2019-07-31,0,1,0.6841624721923396
IND,2019-07-31,0,1,0.7266364763709466
AUS,2019-07-31,0,0,0.37657179342837965
ISR,2019-07-31,0,0,0.4134259039989135
IRL,2019-07-31,0,0,0.20008834523834054
CHN,2019-07-31,0,0,0.38437544955474356
CHE,2019-07-31,0,0,0.1952654460435893
BEL,2019-07-31,0,0,0.20019281779491918
ESP,2019-07-31,0,0,0.286628390463229
NOR,2019-07-31,0,0,0.3143622234431051
DEU,2019-07-31,0,0,0.45121543876608133
ARG,2019-07-31,0,1,0.7917152951662363
NLD,2019-07-31,0,0,0.3508990350923426
ITA,2019-07-31,0,0,0.23259778224420638
CHN,2019-08-31,0,0,0.41775246028596785
NOR,2019-08-31,0,0,0.5263316331364767
SGP,2019-08-31,0,0,0.1917515213060582
TUR,2019-08-31,0,0,0.5024310187969606
SAU,2019-08-31,0,0,0.3214002660776038
CHE,2019-08-31,0,0,0.24281809889191244
THA,2019-08-31,0,0,0.2598485983192838
IND,2019-08-31,0,0,0.5198444647513873
JPN,2019-08-31,0,0,0.2591148422162129
BEL,2019-08-31,0,0,0.1976243354051285
BRA,2019-08-31,0,0,0.5934852824305182
RUS,2019-08-31,0,1,0.6994390211874427
ITA,2019-08-31,0,0,0.2235983790923778
ARE,2019-08-31,0,0,0.19768789286484303
USA,2019-08-31,0,0,0.30623468838692647
ARG,2019-08-31,0,1,0.7323192354053202
IDN,2019-08-31,0,0,0.5941590861965672
MEX,2019-08-31,0,1,0.6199095674797039
AUS,2019-08-31,0,0,0.3180998405679976
SWE,2019-08-31,0,0,0.2568963115787008
CAN,2019-08-31,0,0,0.291568319822281
IRL,2019-08-31,0,0,0.19387252298168187
ISR,2019-08-31,0,0,0.26892168963910174
DEU,2019-08-31,0,0,0.3449465575363173
FRA,2019-08-31,0,0,0.2630371182249487
POL,2019-08-31,0,0,0.31670659653726857
KOR,2019-08-31,0,0,0.3992716614774168
ESP,2019-08-31,0,0,0.43096075445730914
GBR,2019-08-31,0,0,0.3935562413491051
NLD,2019-08-31,0,0,0.27649929783197313
KOR,2019-09-30,0,0,0.4598124306187039
ARE,2019-09-30,0,0,0.21095774337712525
CAN,2019-09-30,0,0,0.29108622041780896
CHE,2019-09-30,0,0,0.24888587027639264
THA,2019-09-30,0,0,0.2000582088348245
JPN,2019-09-30,0,0,0.22968266812767232
MEX,2019-09-30,0,0,0.4492743122638158
ISR,2019-09-30,0,0,0.31668781754894143
BEL,2019-09-30,0,0,0.20159010441809178
ITA,2019-09-30,0,0,0.23598614848861144
DEU,2019-09-30,0,0,0.4360567325761335
BRA,2019-09-30,0,1,0.7253115564493502
AUS,2019-09-30,0,0,0.30749605017180487
IRL,2019-09-30,0,0,0.20256560399378662
NLD,2019-09-30,0,0,0.27559765599132124
IND,2019-09-30,0,1,0.7307736903319385
FRA,2019-09-30,0,0,0.267487680102568
SAU,2019-09-30,0,0,0.29016732210310553
ARG,2019-09-30,0,1,0.7873811359555304
CHN,2019-09-30,0,1,0.6295819321657844
NOR,2019-09-30,0,0,0.41792074290388537
ESP,2019-09-30,0,0,0.37709065999950725
IDN,2019-09-30,0,0,0.3799752839229849
SWE,2019-09-30,0,0,0.2585229248166345
SGP,2019-09-30,0,0,0.1957491256436328
RUS,2019-09-30,0,0,0.5772694196727028
GBR,2019-09-30,0,0,0.3852134443566089
USA,2019-09-30,0,0,0.26414758216072953
TUR,2019-09-30,0,1,0.7156652027486512
POL,2019-09-30,0,0,0.2709989851166797
ARE,2019-10-31,0,0,0.20630945105321377
ARG,2019-10-31,0,1,0.7705754542982648
DEU,2019-10-31,0,0,0.3973591993906455
USA,2019-10-31,0,0,0.29791038518665763
ITA,2019-10-31,0,0,0.31995716228367027
KOR,2019-10-31,0,0,0.26261467277463413
AUS,2019-10-31,0,0,0.3408561698107282
IRL,2019-10-31,0,0,0.241333778042645
NOR,2019-10-31,0,0,0.32079085534308743
FRA,2019-10-31,0,0,0.5239724906627257
GBR,2019-10-31,0,0,0.4225122293293566
CHN,2019-10-31,0,0,0.5451815165425831
SWE,2019-10-31,0,0,0.2544115985848308
SGP,2019-10-31,0,0,0.20240693860462552
RUS,2019-10-31,0,1,0.6592915540530072
TUR,2019-10-31,0,1,0.7641819687090808
IND,2019-10-31,0,1,0.729637265629591
CAN,2019-10-31,0,0,0.4006248956415079
ISR,2019-10-31,0,0,0.27391792268701654
JPN,2019-10-31,0,0,0.21893918336814366
BEL,2019-10-31,0,0,0.19317980756198014
BRA,2019-10-31,0,0,0.5208660108675762
POL,2019-10-31,0,0,0.24247015287776286
IDN,2019-10-31,0,0,0.59429388578174
MEX,2019-10-31,0,0,0.4026167384615272
NLD,2019-10-31,0,0,0.34996668333303343
SAU,2019-10-31,0,0,0.2429724176218164
THA,2019-10-31,0,0,0.20848613769364033
ESP,2019-10-31,0,0,0.2950852980497371
CHE,2019-10-31,0,0,0.22067214068675856
NLD,2019-11-30,0,0,0.30103445599808737
NOR,2019-11-30,0,0,0.47348348698555626
ARG,2019-11-30,0,1,0.783401920896276
SAU,2019-11-30,0,0,0.21870037552129584
USA,2019-11-30,0,0,0.4513442858989049
CHE,2019-11-30,0,0,0.20538497245296647
KOR,2019-11-30,0,0,0.35946990060182954
SGP,2019-11-30,0,0,0.19663628855923787
TUR,2019-11-30,0,1,0.7534058934829811
IND,2019-11-30,0,1,0.7696213161688227
MEX,2019-11-30,0,0,0.49249643602099374
JPN,2019-11-30,0,0,0.31189584209473814
ARE,2019-11-30,0,0,0.19877312134286132
THA,2019-11-30,0,0,0.232403633992448
BEL,2019-11-30,0,0,0.1966799119537955
BRA,2019-11-30,0,1,0.6790992702109273
RUS,2019-11-30,0,1,0.6481725833018409
ITA,2019-11-30,0,0,0.3328586371020939
AUS,2019-11-30,0,0,0.44111590805759954
SWE,2019-11-30,0,0,0.20257779641540474
CHN,2019-11-30,0,0,0.5863629813986964
POL,2019-11-30,0,0,0.26237964399361696
DEU,2019-11-30,0,0,0.5063225108789449
ESP,2019-11-30,0,0,0.390612405702929
IDN,2019-11-30,0,0,0.5866829532355888
CAN,2019-11-30,0,0,0.29252845345419903
GBR,2019-11-30,0,0,0.2954226110333537
FRA,2019-11-30,0,0,0.319612777700228
IRL,2019-11-30,0,0,0.19828239549045415
ISR,2019-11-30,0,0,0.3828179443354886
RUS,2019-12-31,1,1,0.6546771366374037
KOR,2019-12-31,0,0,0.3333614398982911
IND,2019-12-31,1,1,0.7746520156207998
ESP,2019-12-31,0,0,0.2876671691314782
MEX,2019-12-31,1,0,0.5444847241278682
DEU,2019-12-31,0,0,0.43514930374693916
IRL,2019-12-31,0,0,0.1931795274142858
BRA,2019-12-31,1,1,0.6614133863975363
ARE,2019-12-31,0,0,0.214323703704251
TUR,2019-12-31,1,1,0.7058256211940314
CAN,2019-12-31,0,0,0.3534653760040947
THA,2019-12-31,0,0,0.20180217135251785
ISR,2019-12-31,0,0,0.357468632582985
ARG,2019-12-31,1,1,0.7539647545097526
BEL,2019-12-31,0,0,0.19379489365174077
JPN,2019-12-31,0,0,0.3600602941954887
SGP,2019-12-31,0,0,0.20841360928272878
CHE,2019-12-31,0,0,0.20332771588484777
GBR,2019-12-31,0,0,0.40643977165658557
SAU,2019-12-31,1,0,0.23963301035228712
NLD,2019-12-31,0,0,0.3563608724345623
USA,2019-12-31,0,0,0.2751248304498918
CHN,2019-12-31,0,0,0.27785568441458836
FRA,2019-12-31,0,0,0.4698573219288437
AUS,2019-12-31,0,0,0.29657194655025476
ITA,2019-12-31,0,0,0.22182090902014928
IDN,2019-12-31,0,0,0.5580495814812005
POL,2019-12-31,0,0,0.30046054491879476
SWE,2019-12-31,0,0,0.20082471858220605
NOR,2019-12-31,0,0,0.36773378963021797
IRL,2020-01-31,0,0,0.18706433315034243
THA,2020-01-31,0,0,0.22860889227261813
NOR,2020-01-31,0,0,0.21896005070536353
RUS,2020-01-31,0,0,0.2196060340183562
FRA,2020-01-31,0,0,0.25787570304086577
NLD,2020-01-31,0,0,0.22267282754497927
BRA,2020-01-31,0,0,0.213220599127638
BEL,2020-01-31,0,0,0.19288672427188816
AUS,2020-01-31,0,0,0.19574633081817353
SGP,2020-01-31,0,0,0.19257142696769472
ISR,2020-01-31,0,0,0.20954723219701046
GBR,2020-01-31,0,0,0.21146662490293178
SWE,2020-01-31,0,0,0.18874851757725852
CAN,2020-01-31,0,0,0.268279894367836
CHN,2020-01-31,0,0,0.230552035661754
JPN,2020-01-31,0,0,0.2088319974597539
MEX,2020-01-31,0,0,0.29525750938035117
ESP,2020-01-31,0,0,0.20104886190227564
SAU,2020-01-31,0,0,0.2546642905700433
DEU,2020-01-31,0,0,0.2908605841587224
IND,2020-01-31,0,0,0.2810524231292751
POL,2020-01-31,0,0,0.19615942100239284
TUR,2020-01-31,0,0,0.4643064752601114
CHE,2020-01-31,0,0,0.19086151640148522
ITA,2020-01-31,0,0,0.21121883237449013
KOR,2020-01-31,0,0,0.300453182791055
IDN,2020-01-31,0,0,0.22896286343339037
ARE,2020-01-31,0,0,0.221748110507111
ARG,2020-01-31,0,0,0.46641700430596017
USA,2020-01-31,0,0,0.20429047887185692
IRL,2020-02-29,0,0,0.18731776500080996
SAU,2020-02-29,0,0,0.2119427953979652
IDN,2020-02-29,0,0,0.29556347229261326
GBR,2020-02-29,0,0,0.1962725114423344
KOR,2020-02-29,0,0,0.21127446567345384
SGP,2020-02-29,0,0,0.21721102681103274
CHE,2020-02-29,0,0,0.2067495444869399
THA,2020-02-29,0,0,0.19644376253315887
ESP,2020-02-29,0,0,0.21084373214684457
CHN,2020-02-29,0,0,0.25923729238677523
BRA,2020-02-29,0,0,0.25959697994978126
NOR,2020-02-29,0,0,0.3140967639334827
BEL,2020-02-29,0,0,0.19110035416566926
ARG,2020-02-29,0,0,0.5106048139816163
POL,2020-02-29,0,0,0.2448778744386643
ARE,2020-02-29,0,0,0.20278936862580474
JPN,2020-02-29,0,0,0.2088319974597539
CAN,2020-02-29,0,0,0.19836306135317897
RUS,2020-02-29,0,0,0.23155846393917223
USA,2020-02-29,0,0,0.20795601367775618
TUR,2020-02-29,0,0,0.47972915199893323
FRA,2020-02-29,0,0,0.20383232641483237
ISR,2020-02-29,0,0,0.21398451709544553
DEU,2020-02-29,0,0,0.21310930022463093
AUS,2020-02-29,0,0,0.2208116527046288
IND,2020-02-29,0,0,0.3086104769725203
NLD,2020-02-29,0,0,0.19946029923284495
MEX,2020-02-29,0,0,0.30297672717793933
SWE,2020-02-29,0,0,0.2051906706149336
ITA,2020-02-29,0,0,0.23229970702172897
BRA,2020-03-31,0,0,0.23136269479786709
CHN,2020-03-31,0,0,0.31253466168071165
KOR,2020-03-31,0,0,0.29945076754424954
BEL,2020-03-31,0,0,0.19357081173172586
IND,2020-03-31,0,0,0.37518376171617446
NLD,2020-03-31,0,0,0.19739070116833243
POL,2020-03-31,0,0,0.2227747996912556
IDN,2020-03-31,0,0,0.22987445343929322
TUR,2020-03-31,0,0,0.28711735304221125
ITA,2020-03-31,0,0,0.21523369023367925
ARE,2020-03-31,0,0,0.20001656330515163
AUS,2020-03-31,0,0,0.20675388973579542
JPN,2020-03-31,0,0,0.2231326112384564
FRA,2020-03-31,0,0,0.21847336885332067
ARG,2020-03-31,0,0,0.46398986162221423
RUS,2020-03-31,0,0,0.22389806978619461
DEU,2020-03-31,0,0,0.2682420822782689
THA,2020-03-31,0,0,0.19768571586978143
GBR,2020-03-31,0,0,0.21533996474031022
USA,2020-03-31,0,0,0.23259828235675006
NOR,2020-03-31,0,0,0.25424701981310444
SWE,2020-03-31,0,0,0.18873802070307977
SAU,2020-03-31,0,0,0.20784513491501821
CAN,2020-03-31,0,0,0.20492753753673976
CHE,2020-03-31,0,0,0.2105945509030046
SGP,2020-03-31,0,0,0.1962589740459799
IRL,2020-03-31,0,0,0.18634017578999504
ISR,2020-03-31,0,0,0.24958168381306903
MEX,2020-03-31,0,0,0.27816200369964056
ESP,2020-03-31,0,0,0.20997731330515979
GBR,2020-04-30,0,0,0.19954059555904338
NOR,2020-04-30,0,0,0.3016675192785874
IND,2020-04-30,0,0,0.3497701950911924
POL,2020-04-30,0,0,0.1967123465885681
ARE,2020-04-30,0,0,0.19106905800832244
MEX,2020-04-30,0,0,0.20342694257744842
FRA,2020-04-30,0,0,0.23451031176748402
CHE,2020-04-30,0,0,0.19386432458242972
NLD,2020-04-30,0,0,0.1984716667290393
BRA,2020-04-30,0,0,0.23400311793547593
JPN,2020-04-30,0,0,0.20889063560002086
ITA,2020-04-30,0,0,0.20509119212942725
IRL,2020-04-30,0,0,0.19393261984529508
DEU,2020-04-30,0,0,0.2060583375989329
ISR,2020-04-30,0,0,0.23654798375330854
SWE,2020-04-30,0,0,0.19689585290249834
ESP,2020-04-30,0,0,0.211666405543794
USA,2020-04-30,0,0,0.19620869688705048
RUS,2020-04-30,0,0,0.2919124560986847
CAN,2020-04-30,0,0,0.20985528602820505
SGP,2020-04-30,0,0,0.1934659418333338
SAU,2020-04-30,0,0,0.21103442617281254
ARG,2020-04-30,0,0,0.4655634357037912
AUS,2020-04-30,0,0,0.1959075000823394
CHN,2020-04-30,0,0,0.3167272492847422
KOR,2020-04-30,0,0,0.2400257864237251
IDN,2020-04-30,0,0,0.24645710400108387
THA,2020-04-30,0,0,0.1904838009537511
BEL,2020-04-30,0,0,0.18920336500765847
TUR,2020-04-30,0,0,0.44609368800400584
SWE,2020-05-31,0,0,0.19499864709870088
USA,2020-05-31,0,0,0.24071714005866943
TUR,2020-05-31,0,0,0.3143561821757667
SAU,2020-05-31,0,0,0.22359995224497523
IND,2020-05-31,0,0,0.453752808437667
IRL,2020-05-31,0,0,0.18796123448092797
CHN,2020-05-31,0,0,0.26981347054053667
NOR,2020-05-31,0,0,0.21533761675517327
THA,2020-05-31,0,0,0.19376606302700913
SGP,2020-05-31,0,0,0.19755812464546318
DEU,2020-05-31,0,0,0.28268522061833407
NLD,2020-05-31,0,0,0.20107425459443296
FRA,2020-05-31,0,0,0.20518398524505635
BRA,2020-05-31,0,0,0.24160025842080612
ESP,2020-05-31,0,0,0.19377148878452188
RUS,2020-05-31,0,0,0.23186028853962895
KOR,2020-05-31,0,0,0.24934637166633378
CAN,2020-05-31,0,0,0.21458463083454096
BEL,2020-05-31,0,0,0.1960278037529175
ARG,2020-05-31,0,0,0.46641700430596017
IDN,2020-05-31,0,0,0.22674280481182088
POL,2020-05-31,0,0,0.2043243243302235
ARE,2020-05-31,0,0,0.18952888675581314
ITA,2020-05-31,0,0,0.19317052411574587
GBR,2020-05-31,0,0,0.2242289897380103
JPN,2020-05-31,0,0,0.28858690284076527
MEX,2020-05-31,0,0,0.24682688680416598
AUS,2020-05-31,0,0,0.19735015534575998
CHE,2020-05-31,0,0,0.1861118702955781
ISR,2020-05-31,0,0,0.21667854872389125
MEX,2020-06-30,0,0,0.5116432705541332
ESP,2020-06-30,0,0,0.23760139083865928
NOR,2020-06-30,0,0,0.44858776799729355
RUS,2020-06-30,0,0,0.3561959696884988
AUS,2020-06-30,0,0,0.19788309575014598
KOR,2020-06-30,0,0,0.3630417555522604
ITA,2020-06-30,0,0,0.24693625647508358
USA,2020-06-30,0,0,0.2905219771174078
CAN,2020-06-30,0,0,0.3792890229398245
DEU,2020-06-30,0,0,0.316998184990364
SGP,2020-06-30,0,0,0.21219466113364796
SAU,2020-06-30,0,0,0.5002546717811037
CHN,2020-06-30,0,1,0.6160200029734341
BEL,2020-06-30,0,0,0.19072953152313651
ARG,2020-06-30,0,1,0.7762923048874605
ARE,2020-06-30,0,0,0.19801135344244347
IRL,2020-06-30,0,0,0.19732378728565172
FRA,2020-06-30,0,0,0.3164371590566844
POL,2020-06-30,0,0,0.24466271114103
THA,2020-06-30,0,0,0.22743324530748346
JPN,2020-06-30,0,0,0.3513292860815682
TUR,2020-06-30,0,1,0.7638374327845948
ISR,2020-06-30,0,0,0.40417161459536954
GBR,2020-06-30,0,0,0.3263054624457322
SWE,2020-06-30,0,0,0.2167401355831514
IND,2020-06-30,0,1,0.6836147071945966
IDN,2020-06-30,0,0,0.3375550114527486
BRA,2020-06-30,0,1,0.7172114738810671
NLD,2020-06-30,0,0,0.2075493497912052
CHE,2020-06-30,0,0,0.1937704598675544
ESP,2020-07-31,0,0,0.311970998483876
BRA,2020-07-31,0,0,0.5173554306491166
DEU,2020-07-31,0,0,0.44571669333039493
CAN,2020-07-31,0,0,0.4919949769900945
IDN,2020-07-31,0,0,0.40596933697406196
FRA,2020-07-31,0,0,0.2841637753539214
CHN,2020-07-31,0,1,0.628534182630791
THA,2020-07-31,0,0,0.2477430742209119
POL,2020-07-31,0,0,0.4147901968445962
GBR,2020-07-31,0,0,0.33242119562137046
NOR,2020-07-31,0,0,0.34077233527426304
IRL,2020-07-31,0,0,0.2253304058860719
AUS,2020-07-31,0,0,0.3113514257286198
ISR,2020-07-31,0,0,0.34366875511428646
USA,2020-07-31,0,0,0.26103589997668325
ITA,2020-07-31,0,0,0.3564740469920389
ARE,2020-07-31,0,0,0.19439938231734666
IND,2020-07-31,0,1,0.7909434073342956
NLD,2020-07-31,0,0,0.26899990061466095
MEX,2020-07-31,0,0,0.43071247925378725
SGP,2020-07-31,0,0,0.2325789107559502
JPN,2020-07-31,0,0,0.3891863054911442
CHE,2020-07-31,0,0,0.2399608301373427
ARG,2020-07-31,0,0,0.4981719911994067
BEL,2020-07-31,0,0,0.20352000681704038
SAU,2020-07-31,0,1,0.6158288826191534
SWE,2020-07-31,0,0,0.194616594960089
KOR,2020-07-31,0,0,0.36348202283310466
RUS,2020-07-31,0,1,0.690469841307065
TUR,2020-07-31,0,1,0.763511522380859
FRA,2020-08-31,0,0,0.3290898479655964
ESP,2020-08-31,0,0,0.3204109014465985
IRL,2020-08-31,0,0,0.22296742782852474
CAN,2020-08-31,0,0,0.29282838611579814
KOR,2020-08-31,0,0,0.4314396253546661
NLD,2020-08-31,0,0,0.2220410723167897
ARE,2020-08-31,0,0,0.20035234812384695
AUS,2020-08-31,0,0,0.34991948852777915
POL,2020-08-31,0,0,0.3260517057991898
ISR,2020-08-31,0,0,0.2742363155809388
MEX,2020-08-31,0,0,0.28214844580840215
RUS,2020-08-31,0,0,0.4674576744846926
JPN,2020-08-31,0,0,0.33952581543997423
IDN,2020-08-31,0,0,0.30656425096249595
CHE,2020-08-31,0,0,0.1923736802298529
IND,2020-08-31,0,1,0.7954026826481332
SWE,2020-08-31,0,0,0.19480786782127515
ARG,2020-08-31,0,1,0.7682188631460715
BEL,2020-08-31,0,0,0.1920762922232344
CHN,2020-08-31,0,1,0.6094583895514917
GBR,2020-08-31,0,0,0.2750543292226491
NOR,2020-08-31,0,0,0.47342192108281617
BRA,2020-08-31,0,1,0.6087326947409781
THA,2020-08-31,0,0,0.21229198646179845
SAU,2020-08-31,0,1,0.6218968613308582
USA,2020-08-31,0,0,0.3259545510567906
TUR,2020-08-31,0,1,0.7582613836148946
DEU,2020-08-31,0,0,0.3014756881373032
SGP,2020-08-31,0,0,0.25614765095800723
ITA,2020-08-31,0,0,0.26966921351371775
SAU,2020-09-30,0,0,0.43995413808321765
AUS,2020-09-30,0,0,0.21745132481463583
MEX,2020-09-30,0,0,0.39754390649301485
RUS,2020-09-30,0,0,0.5804214043421128
NOR,2020-09-30,0,0,0.3862829131922904
NLD,2020-09-30,0,0,0.20965414164602816
ARG,2020-09-30,0,1,0.7884689530605472
ISR,2020-09-30,0,0,0.27773779250481795
GBR,2020-09-30,0,0,0.31943263941904215
BRA,2020-09-30,0,0,0.43349246969325406
DEU,2020-09-30,0,0,0.517744036162576
POL,2020-09-30,0,0,0.22187249237503578
IDN,2020-09-30,0,0,0.33726446301113966
TUR,2020-09-30,0,1,0.6138890214116524
IRL,2020-09-30,0,0,0.1930189921751566
CHE,2020-09-30,0,0,0.22242533674735135
ARE,2020-09-30,0,0,0.21538739655436132
JPN,2020-09-30,0,0,0.426264796631277
SWE,2020-09-30,0,0,0.24916363633619784
SGP,2020-09-30,0,0,0.19525662751191833
IND,2020-09-30,0,1,0.6367585406067041
FRA,2020-09-30,0,0,0.2847156636756509
ITA,2020-09-30,0,0,0.24527092345134913
ESP,2020-09-30,0,0,0.38157613374352534
USA,2020-09-30,0,0,0.2312416084540004
BEL,2020-09-30,0,0,0.20261381339009552
CAN,2020-09-30,0,0,0.3520985809317389
CHN,2020-09-30,0,1,0.6378803531509812
KOR,2020-09-30,0,0,0.35139053491768424
THA,2020-09-30,0,0,0.21250389607004985
SGP,2020-10-31,0,0,0.2018773232190206
DEU,2020-10-31,0,0,0.3908813524622626
FRA,2020-10-31,0,0,0.28327081440546237
JPN,2020-10-31,0,0,0.37944628716077927
THA,2020-10-31,0,0,0.27105778855921375
BEL,2020-10-31,0,0,0.19995842097090163
USA,2020-10-31,0,0,0.2680774522329054
MEX,2020-10-31,0,0,0.28576211230859017
NLD,2020-10-31,0,0,0.20274320609983065
CHN,2020-10-31,0,0,0.4337143404817505
GBR,2020-10-31,0,0,0.38542329417836757
TUR,2020-10-31,0,1,0.779948133235755
BRA,2020-10-31,0,0,0.5347190496887876
ARG,2020-10-31,0,1,0.6685382737329179
IND,2020-10-31,0,1,0.7761573950832452
ITA,2020-10-31,0,0,0.23428021594692117
IRL,2020-10-31,0,0,0.19783175152247334
ESP,2020-10-31,0,0,0.28143829440301094
ARE,2020-10-31,0,0,0.2022834549009177
SWE,2020-10-31,0,0,0.22191651571970905
CAN,2020-10-31,0,0,0.28959539632560066
CHE,2020-10-31,0,0,0.22408684879951954
KOR,2020-10-31,0,0,0.4167299122981061
SAU,2020-10-31,0,1,0.6326198912215948
IDN,2020-10-31,0,0,0.45176298632370165
AUS,2020-10-31,0,0,0.2678347945584167
RUS,2020-10-31,0,1,0.65980905726701
NOR,2020-10-31,0,0,0.2732994987766144
ISR,2020-10-31,0,0,0.44680580164601325
POL,2020-10-31,0,0,0.3605823416874818
RUS,2020-11-30,0,0,0.3998990160628455
IDN,2020-11-30,0,0,0.4548788148754874
SWE,2020-11-30,0,0,0.21698584801659257
TUR,2020-11-30,0,1,0.7416758601511999
BEL,2020-11-30,0,0,0.22272157092851408
ESP,2020-11-30,0,0,0.26933245689086494
ARG,2020-11-30,0,1,0.7736018024668039
IRL,2020-11-30,0,0,0.20114348911540045
DEU,2020-11-30,0,0,0.4755731738767183
CHN,2020-11-30,0,1,0.6103012863486645
ISR,2020-11-30,0,0,0.4924534607532518
THA,2020-11-30,0,0,0.23012358100558214
SGP,2020-11-30,0,0,0.19665056884993248
BRA,2020-11-30,0,0,0.41069569569415915
CHE,2020-11-30,0,0,0.23079612454239043
SAU,2020-11-30,0,0,0.5716396459232468
GBR,2020-11-30,0,0,0.3125892209098599
ARE,2020-11-30,0,0,0.20209499027301034
KOR,2020-11-30,0,0,0.3212896443406861
USA,2020-11-30,0,0,0.23189856563415
CAN,2020-11-30,0,0,0.3122257005251225
MEX,2020-11-30,0,0,0.3394148197984406
ITA,2020-11-30,0,0,0.2785452840453874
AUS,2020-11-30,0,0,0.3288038913962015
NLD,2020-11-30,0,0,0.2519305499450099
NOR,2020-11-30,0,0,0.40638802754332665
IND,2020-11-30,0,1,0.7822808563142917
JPN,2020-11-30,0,0,0.2927941499717489
FRA,2020-11-30,0,0,0.2719589047102809
POL,2020-11-30,0,0,0.2478604836694216
SWE,2020-12-31,0,0,0.20356370705881735
SAU,2020-12-31,0,1,0.6199868519011822
KOR,2020-12-31,0,0,0.5697311764985318
CAN,2020-12-31,0,0,0.47152219219129954
RUS,2020-12-31,0,0,0.45873228470018873
ESP,2020-12-31,0,0,0.24065530916591724
ITA,2020-12-31,0,0,0.2788492109982179
ARE,2020-12-31,0,0,0.20800068632282553
ARG,2020-12-31,0,1,0.7947323789451994
IDN,2020-12-31,0,0,0.26804504129624224
AUS,2020-12-31,0,0,0.2825400290207328
FRA,2020-12-31,0,0,0.34383594306876525
CHN,2020-12-31,0,0,0.41778279033852095
JPN,2020-12-31,0,0,0.2307096530717865
NLD,2020-12-31,0,0,0.20843220565820944
THA,2020-12-31,0,0,0.21493539908877488
BRA,2020-12-31,0,1,0.600585941744781
MEX,2020-12-31,0,0,0.35495951774568396
USA,2020-12-31,0,0,0.24347734502278687
BEL,2020-12-31,0,0,0.19044410937413736
GBR,2020-12-31,0,0,0.2249678633632214
TUR,2020-12-31,0,1,0.7451974524797977
CHE,2020-12-31,0,0,0.19302105966114755
DEU,2020-12-31,0,0,0.24921149270559648
POL,2020-12-31,0,0,0.22493872720930838
ISR,2020-12-31,0,0,0.443560908594673
SGP,2020-12-31,0,0,0.2056453801868309
NOR,2020-12-31,0,0,0.33770541935807774
IRL,2020-12-31,0,0,0.22343711857229312
IND,2020-12-31,0,1,0.7870979391247079
FRA,2021-01-31,0,0,0.21287476187833443
BRA,2021-01-31,0,0,0.4808088395259446
CHN,2021-01-31,0,0,0.22451022768708814
ISR,2021-01-31,0,0,0.25150919875943806
IDN,2021-01-31,0,0,0.2269278885128492
KOR,2021-01-31,0,0,0.2699076829407681
CHE,2021-01-31,0,0,0.18807671991075606
ITA,2021-01-31,0,0,0.19307148073879457
USA,2021-01-31,0,0,0.5343668377985572
ARE,2021-01-31,0,0,0.19187956337145243
ARG,2021-01-31,0,0,0.47347180556375107
RUS,2021-01-31,0,0,0.27241017454224853
SWE,2021-01-31,0,0,0.20142168436826072
BEL,2021-01-31,0,0,0.1889978439070906
JPN,2021-01-31,0,0,0.287237518726312
NLD,2021-01-31,0,0,0.1964254099635098
ESP,2021-01-31,0,0,0.24767375869756691
MEX,2021-01-31,0,0,0.4525036041209769
SAU,2021-01-31,0,0,0.20865904644327105
SGP,2021-01-31,0,0,0.20048264697527973
THA,2021-01-31,0,0,0.21234633481133888
TUR,2021-01-31,0,0,0.38892176195709927
DEU,2021-01-31,0,0,0.2270954579814799
CAN,2021-01-31,0,0,0.20098594255348282
AUS,2021-01-31,0,0,0.2939185932921245
POL,2021-01-31,0,0,0.3193334099718957
GBR,2021-01-31,0,0,0.31945003513482234
NOR,2021-01-31,0,0,0.21442936035803287
IND,2021-01-31,0,0,0.4692037845293173
IRL,2021-01-31,0,0,0.19245739631303474
USA,2021-02-28,0,0,0.5508461819281815
ESP,2021-02-28,0,0,0.20108875370587512
KOR,2021-02-28,0,0,0.3458766339276987
THA,2021-02-28,0,0,0.20212723224309026
BRA,2021-02-28,0,0,0.5511508195803693
IDN,2021-02-28,0,0,0.22498187969079195
CHE,2021-02-28,0,0,0.1876066923941949
ITA,2021-02-28,0,0,0.22639113910643904
ARE,2021-02-28,0,0,0.19959633357813814
ARG,2021-02-28,0,0,0.4423708873556064
RUS,2021-02-28,0,0,0.4058415772875363
SWE,2021-02-28,0,0,0.2037963497445884
BEL,2021-02-28,0,0,0.19649467290576936
NLD,2021-02-28,0,0,0.19364849169187984
JPN,2021-02-28,0,0,0.23120674822592094
IRL,2021-02-28,0,0,0.18821834389966705
IND,2021-02-28,0,0,0.5180434730541892
MEX,2021-02-28,0,0,0.5418523762192656
TUR,2021-02-28,0,0,0.4474747035211826
DEU,2021-02-28,0,0,0.2084486193980102
CAN,2021-02-28,0,0,0.22697599168125815
AUS,2021-02-28,0,0,0.2934712079690458
POL,2021-02-28,0,0,0.24693785801885582
GBR,2021-02-28,0,0,0.23990785099271228
CHN,2021-02-28,0,0,0.2439262834622905
NOR,2021-02-28,0,0,0.21436723388805046
ISR,2021-02-28,0,0,0.22629701145691972
FRA,2021-02-28,0,0,0.22284556776114448
SAU,2021-02-28,0,0,0.19064653074875912
SGP,2021-02-28,0,0,0.19107366603110978
TUR,2021-03-31,0,0,0.4082067953078114
SWE,2021-03-31,0,0,0.21200505610766326
THA,2021-03-31,0,0,0.1999019988703281
USA,2021-03-31,0,0,0.28877416430647473
DEU,2021-03-31,0,0,0.2198811812293621
FRA,2021-03-31,0,0,0.2043920390914767
AUS,2021-03-31,0,0,0.20346639656981877
ESP,2021-03-31,0,0,0.2558177841926446
JPN,2021-03-31,0,0,0.22701778123246338
SAU,2021-03-31,0,0,0.19029874250378762
ARG,2021-03-31,0,0,0.3410176660337076
ISR,2021-03-31,0,0,0.20348568622466123
BEL,2021-03-31,0,0,0.20558067910979236
SGP,2021-03-31,0,0,0.19135534718116853
KOR,2021-03-31,0,0,0.24701892841332196
ITA,2021-03-31,0,0,0.1920527176858751
IDN,2021-03-31,0,0,0.22966448510569104
MEX,2021-03-31,0,0,0.4647740654159773
RUS,2021-03-31,0,0,0.26424367305166985
BRA,2021-03-31,0,0,0.35302219077766767
GBR,2021-03-31,0,0,0.27026305089464725
POL,2021-03-31,0,0,0.30829470537759257
NOR,2021-03-31,0,0,0.21691350899543882
IRL,2021-03-31,0,0,0.19339793242124836
ARE,2021-03-31,0,0,0.18862710708436037
CHN,2021-03-31,0,0,0.20192378990852952
NLD,2021-03-31,0,0,0.242030224458697
CHE,2021-03-31,0,0,0.20734978614203195
CAN,2021-03-31,0,0,0.2145347143958698
IND,2021-03-31,0,0,0.5501012095801047
NOR,2021-04-30,0,0,0.2383610313600213
BRA,2021-04-30,0,0,0.583272572393013
SAU,2021-04-30,0,0,0.2025360845850099
AUS,2021-04-30,0,0,0.25270150347338693
CAN,2021-04-30,0,0,0.20887041865143693
FRA,2021-04-30,0,0,0.1963355790689998
ITA,2021-04-30,0,0,0.19992184845911345
ESP,2021-04-30,0,0,0.2123723934930123
THA,2021-04-30,0,0,0.20059392745189267
TUR,2021-04-30,0,0,0.43931191763944016
CHE,2021-04-30,0,0,0.18997734765491836
BEL,2021-04-30,0,0,0.19727913979273184
KOR,2021-04-30,0,0,0.38896075668376584
USA,2021-04-30,0,0,0.5003055414071553
DEU,2021-04-30,0,0,0.22679149995527678
NLD,2021-04-30,0,0,0.19589757331069182
MEX,2021-04-30,0,0,0.39600730075355733
RUS,2021-04-30,0,0,0.27077610353332787
CHN,2021-04-30,0,0,0.25126987839667053
POL,2021-04-30,0,0,0.25859398291962254
IND,2021-04-30,0,0,0.4885931296621668
JPN,2021-04-30,0,0,0.23292204205826092
SGP,2021-04-30,0,0,0.18983739106923667
ARE,2021-04-30,0,0,0.19158215528753866
IRL,2021-04-30,0,0,0.20702337124019635
SWE,2021-04-30,0,0,0.19314290869411008
IDN,2021-04-30,0,0,0.26322932701449836
ARG,2021-04-30,0,0,0.4478616112863401
GBR,2021-04-30,0,0,0.22119696220781324
ISR,2021-04-30,0,0,0.24617232795738342
BEL,2021-05-31,0,0,0.20590314345380478
THA,2021-05-31,0,0,0.21955396546232905
ISR,2021-05-31,0,0,0.196501338816248
ESP,2021-05-31,0,0,0.2930676409378683
NLD,2021-05-31,0,0,0.20092795002493377
ARG,2021-05-31,0,0,0.4603009978449785
CAN,2021-05-31,0,0,0.2086943056295358
JPN,2021-05-31,0,0,0.256350412587483
KOR,2021-05-31,0,0,0.34934400527102966
SAU,2021-05-31,0,0,0.19370730887376164
CHE,2021-05-31,0,0,0.19237875062060494
DEU,2021-05-31,0,0,0.2705326442118758
IDN,2021-05-31,0,0,0.24597586289603948
BRA,2021-05-31,0,0,0.542858890153711
GBR,2021-05-31,0,0,0.27251639890798035
ARE,2021-05-31,0,0,0.19833193166757956
CHN,2021-05-31,0,0,0.19924585013809895
IRL,2021-05-31,0,0,0.19385877476258362
ITA,2021-05-31,0,0,0.21180651313457957
RUS,2021-05-31,0,0,0.3128669937509568
NOR,2021-05-31,0,0,0.24724870571607416
POL,2021-05-31,0,0,0.29470221560133886
USA,2021-05-31,0,0,0.5708697895573592
SWE,2021-05-31,0,0,0.19219922147294075
TUR,2021-05-31,0,0,0.45328153748573263
AUS,2021-05-31,0,0,0.29710282623094214
MEX,2021-05-31,0,0,0.4507312425500314
IND,2021-05-31,0,0,0.5011009653639551
FRA,2021-05-31,0,0,0.19971791359474356
SGP,2021-05-31,0,0,0.19787099045108078
NLD,2021-06-30,0,0,0.3505438092046394
BEL,2021-06-30,0,0,0.26346342876179457
CAN,2021-06-30,0,0,0.5911787171662232
KOR,2021-06-30,0,1,0.7108873042592841
IDN,2021-06-30,0,0,0.3557377254601917
BRA,2021-06-30,0,1,0.7209920734190282
MEX,2021-06-30,0,1,0.6501453752254281
RUS,2021-06-30,0,1,0.7804466640019087
IRL,2021-06-30,0,0,0.19760302937367832
SGP,2021-06-30,0,0,0.22995042247972472
DEU,2021-06-30,0,0,0.2868414078154953
CHE,2021-06-30,0,0,0.1999274806355947
USA,2021-06-30,0,1,0.7274266215588044
FRA,2021-06-30,0,0,0.2408720739613941
ITA,2021-06-30,0,0,0.21000374550171885
NOR,2021-06-30,0,0,0.3597234477220255
SWE,2021-06-30,0,0,0.2952705844419371
ARE,2021-06-30,0,0,0.1956593690044552
ISR,2021-06-30,0,0,0.23875768476098158
AUS,2021-06-30,0,1,0.7376429147932063
IND,2021-06-30,0,1,0.7861541814070638
GBR,2021-06-30,0,0,0.3811029387642931
POL,2021-06-30,0,1,0.6783090689998973
CHN,2021-06-30,0,0,0.33173407875168764
ESP,2021-06-30,0,0,0.4514284509562117
ARG,2021-06-30,0,1,0.7866734720643865
JPN,2021-06-30,0,0,0.33463610964991103
SAU,2021-06-30,0,0,0.2909822434452978
TUR,2021-06-30,0,0,0.5261290639092748
THA,2021-06-30,0,0,0.21915321422630554
IDN,2021-07-31,0,0,0.2719153261139105
BRA,2021-07-31,0,1,0.7910315541036784
POL,2021-07-31,0,0,0.5372310116409181
ARE,2021-07-31,0,0,0.24544254625887316
IND,2021-07-31,0,1,0.753926237019562
USA,2021-07-31,0,1,0.7206874865971434
NOR,2021-07-31,0,0,0.36748163012359897
CAN,2021-07-31,0,0,0.48153937789374596
CHE,2021-07-31,0,0,0.20309730015108984
NLD,2021-07-31,0,0,0.3660377056178363
KOR,2021-07-31,0,1,0.7236759691001184
JPN,2021-07-31,0,0,0.4665965027050894
ARG,2021-07-31,0,1,0.7944959459293958
AUS,2021-07-31,0,0,0.5303089067927137
CHN,2021-07-31,0,0,0.32140984214575247
SAU,2021-07-31,0,0,0.31848100124399964
TUR,2021-07-31,0,1,0.7463165625878178
ITA,2021-07-31,0,0,0.24378522728989768
SWE,2021-07-31,0,0,0.22753943358146486
THA,2021-07-31,0,0,0.20698443837745284
BEL,2021-07-31,0,0,0.26250462054801066
SGP,2021-07-31,0,0,0.3210524352753836
DEU,2021-07-31,0,0,0.28371690420587764
GBR,2021-07-31,0,0,0.42742311203550654
FRA,2021-07-31,0,0,0.2635831660135615
IRL,2021-07-31,0,0,0.23424395747609605
RUS,2021-07-31,0,1,0.6989437980833847
MEX,2021-07-31,0,1,0.7059049510198836
ISR,2021-07-31,0,0,0.23193060179604652
ESP,2021-07-31,0,1,0.6219353094391731
CAN,2021-08-31,0,0,0.43417236204392223
NOR,2021-08-31,0,0,0.40100936323276626
FRA,2021-08-31,0,0,0.27269992945935445
ITA,2021-08-31,0,0,0.24521513756317323
ESP,2021-08-31,0,0,0.3355435585569733
MEX,2021-08-31,0,1,0.7773220485131977
DEU,2021-08-31,0,0,0.3147626392632364
IND,2021-08-31,0,1,0.7587076068307127
JPN,2021-08-31,0,0,0.47439912750673546
CHE,2021-08-31,0,0,0.19014855263281813
NLD,2021-08-31,0,0,0.3236873885204242
TUR,2021-08-31,0,1,0.7439526546519698
KOR,2021-08-31,0,0,0.5634301369722299
IDN,2021-08-31,0,0,0.34743165550074745
GBR,2021-08-31,0,0,0.5118685656643225
IRL,2021-08-31,0,0,0.2117019195200999
THA,2021-08-31,0,0,0.21313948475561625
ISR,2021-08-31,0,0,0.24805712488356127
CHN,2021-08-31,0,0,0.42213518163089536
USA,2021-08-31,0,1,0.7743654201954646
POL,2021-08-31,0,0,0.587808570945274
SAU,2021-08-31,0,0,0.31360160538614634
BRA,2021-08-31,0,1,0.7469963176654003
AUS,2021-08-31,0,0,0.42771758471867155
ARG,2021-08-31,0,1,0.7813372466051726
SGP,2021-08-31,0,0,0.2846550120843921
SWE,2021-08-31,0,0,0.20493923981668538
ARE,2021-08-31,0,0,0.22094355149130007
RUS,2021-08-31,0,1,0.7441251722839356
BEL,2021-08-31,0,0,0.33862060463470445
IRL,2021-09-30,0,0,0.2027477721340473
ARG,2021-09-30,0,1,0.6861611673930587
CHE,2021-09-30,0,0,0.19988255037122873
IDN,2021-09-30,0,0,0.33754385871341036
DEU,2021-09-30,0,0,0.46347126249306037
CHN,2021-09-30,0,0,0.30242572170476073
BRA,2021-09-30,0,1,0.655630773926481
ITA,2021-09-30,0,0,0.3261230602746955
RUS,2021-09-30,0,1,0.7706277668654091
ESP,2021-09-30,0,0,0.40304629219194416
NLD,2021-09-30,0,0,0.24945928409134543
SGP,2021-09-30,0,0,0.2741547713978578
GBR,2021-09-30,0,0,0.5931157237038679
SAU,2021-09-30,0,0,0.39477058459025266
USA,2021-09-30,0,1,0.7363398588468968
POL,2021-09-30,0,1,0.6456274469452087
JPN,2021-09-30,0,0,0.30849978961596064
IND,2021-09-30,0,1,0.7092564902177031
CAN,2021-09-30,0,0,0.5192341613835971
ARE,2021-09-30,0,0,0.19988840579386577
MEX,2021-09-30,0,1,0.6683607791988332
BEL,2021-09-30,0,0,0.28458399982785315
ISR,2021-09-30,0,0,0.2806593000598468
SWE,2021-09-30,0,0,0.20933349468918738
NOR,2021-09-30,0,0,0.4961964327599444
TUR,2021-09-30,0,1,0.7517570022685739
KOR,2021-09-30,0,0,0.4082993031809565
FRA,2021-09-30,0,0,0.2479157106557249
THA,2021-09-30,0,0,0.2743929706563529
AUS,2021-09-30,0,0,0.47402126941782674
AUS,2021-10-31,0,0,0.5540144536073236
THA,2021-10-31,0,0,0.22379790438697586
CHN,2021-10-31,0,0,0.29363774313091257
SAU,2021-10-31,0,0,0.2213543091968192
MEX,2021-10-31,0,1,0.7410984468729844
DEU,2021-10-31,0,1,0.6094179177112065
SGP,2021-10-31,0,0,0.2620931122079464
USA,2021-10-31,0,1,0.7460263992270529
ESP,2021-10-31,0,0,0.5863827142988006
IDN,2021-10-31,0,0,0.5359189156462798
IRL,2021-10-31,0,0,0.2410780851549044
RUS,2021-10-31,0,1,0.6988321881097068
BRA,2021-10-31,0,1,0.7931572988071153
CAN,2021-10-31,0,1,0.6224353637070257
TUR,2021-10-31,0,1,0.6916640846095503
ISR,2021-10-31,0,0,0.4257037321127472
SWE,2021-10-31,0,0,0.2824535723939176
BEL,2021-10-31,0,0,0.23603888536878034
NOR,2021-10-31,0,0,0.37797094170806095
ARE,2021-10-31,0,0,0.19931085029699525
FRA,2021-10-31,0,0,0.24901736326165536
GBR,2021-10-31,0,0,0.5936693706987951
IND,2021-10-31,0,1,0.7722544767609439
KOR,2021-10-31,0,1,0.6639628918436302
POL,2021-10-31,0,0,0.4637906266124932
ARG,2021-10-31,0,1,0.7867526204470368
CHE,2021-10-31,0,0,0.20139831784634002
ITA,2021-10-31,0,0,0.23491766947596857
NLD,2021-10-31,0,0,0.2509866664601002
JPN,2021-10-31,0,0,0.23373796332436583
SGP,2021-11-30,0,0,0.30440719473034955
BEL,2021-11-30,0,0,0.2709255973035421
CHN,2021-11-30,0,0,0.3267999830848269
RUS,2021-11-30,0,1,0.7260914995688333
IRL,2021-11-30,0,0,0.29703917331213164
SAU,2021-11-30,0,0,0.3189904755286524
JPN,2021-11-30,0,0,0.3275003509319947
KOR,2021-11-30,0,1,0.6797493430486315
DEU,2021-11-30,0,0,0.3622558369330507
GBR,2021-11-30,0,0,0.45253489911399636
ESP,2021-11-30,0,0,0.2704503053709592
ARG,2021-11-30,0,1,0.7812229857992442
FRA,2021-11-30,0,0,0.27106153515063364
ITA,2021-11-30,0,0,0.2658436181352941
MEX,2021-11-30,0,1,0.7633966841873465
NLD,2021-11-30,0,0,0.32302352024775854
BRA,2021-11-30,0,1,0.7715044468996938
CHE,2021-11-30,0,0,0.19123643124735726
POL,2021-11-30,0,0,0.5319400755691842
ARE,2021-11-30,0,0,0.2416863807494856
IND,2021-11-30,0,1,0.7596063492941805
USA,2021-11-30,0,1,0.7857677394998516
NOR,2021-11-30,0,0,0.31323614958049917
SWE,2021-11-30,0,0,0.29498874087592386
ISR,2021-11-30,0,0,0.28750377794137544
THA,2021-11-30,0,0,0.23593865377769452
IDN,2021-11-30,0,0,0.4840715974984647
AUS,2021-11-30,0,0,0.3020293025441543
CAN,2021-11-30,0,0,0.4352848484641821
TUR,2021-11-30,0,1,0.7345060693244324
FRA,2021-12-31,1,0,0.34829309271338277
SGP,2021-12-31,0,0,0.23363739572174494
DEU,2021-12-31,1,0,0.5679867403410803
JPN,2021-12-31,0,0,0.38649405358352446
ARG,2021-12-31,0,1,0.7842829609337789
ITA,2021-12-31,1,0,0.3889646759782955
ESP,2021-12-31,1,0,0.5343716733748473
GBR,2021-12-31,1,0,0.5139307049713882
THA,2021-12-31,0,0,0.21764585113903775
SAU,2021-12-31,0,0,0.2880942579510011
IRL,2021-12-31,0,0,0.2052910360739879
AUS,2021-12-31,0,0,0.5810778277742813
SWE,2021-12-31,1,0,0.20328015618725473
TUR,2021-12-31,0,1,0.7502628220805526
ISR,2021-12-31,0,0,0.435628682195026
IND,2021-12-31,0,1,0.6110074791845079
ARE,2021-12-31,0,0,0.20077920532892754
USA,2021-12-31,0,1,0.7936953951617881
BRA,2021-12-31,0,1,0.7979537804896911
CAN,2021-12-31,0,0,0.4166667201839945
CHE,2021-12-31,0,0,0.19195604569611838
POL,2021-12-31,0,0,0.5917821940463107
KOR,2021-12-31,1,1,0.6463634520723337
BEL,2021-12-31,1,0,0.25603926642015096
MEX,2021-12-31,0,1,0.7435383097975294
CHN,2021-12-31,0,0,0.2170992323860728
IDN,2021-12-31,0,0,0.40556856991015144
NLD,2021-12-31,1,0,0.3203789277644123
RUS,2021-12-31,0,1,0.7252480494221262
NOR,2021-12-31,0,0,0.575524907999878
DEU,2022-01-31,0,0,0.4492233136638663
IRL,2022-01-31,0,0,0.21977654901499302
CHE,2022-01-31,0,0,0.20747466946182244
THA,2022-01-31,0,0,0.20719349658823205
CHN,2022-01-31,0,0,0.21167339363882273
NLD,2022-01-31,0,0,0.39823125654802505
CAN,2022-01-31,0,0,0.4264021176892294
GBR,2022-01-31,0,0,0.548522118805701
AUS,2022-01-31,0,0,0.4533401875066488
MEX,2022-01-31,0,0,0.2940440597404327
SWE,2022-01-31,0,0,0.2621833236483361
FRA,2022-01-31,0,0,0.3758028567593654
ESP,2022-01-31,0,0,0.3526371574551772
SAU,2022-01-31,0,0,0.23405673936781032
SGP,2022-01-31,0,0,0.25547062187591324
TUR,2022-01-31,0,0,0.33926610303411725
ITA,2022-01-31,0,0,0.2958583305537152
ISR,2022-01-31,0,0,0.337937694277072
BEL,2022-01-31,0,0,0.3773398201107249
KOR,2022-01-31,0,0,0.4023687076659625
ARG,2022-01-31,0,0,0.39124394052893546
NOR,2022-01-31,0,0,0.2799299063201351
IND,2022-01-31,0,0,0.5369718785900228
USA,2022-01-31,0,0,0.5522277909577972
POL,2022-01-31,0,0,0.3248758098181487
RUS,2022-01-31,0,0,0.442042933312063
ARE,2022-01-31,0,0,0.32974623260887537
BRA,2022-01-31,0,0,0.4638782621147463
JPN,2022-01-31,0,0,0.3609752289805522
IDN,2022-01-31,0,0,0.5100569024898896
IND,2022-02-28,0,0,0.5581864074460757
POL,2022-02-28,0,0,0.26628221215223885
ESP,2022-02-28,0,0,0.3860575431262285
ARG,2022-02-28,0,0,0.34960601804685526
SWE,2022-02-28,0,0,0.2812835199421531
CHE,2022-02-28,0,0,0.23770505199277678
ITA,2022-02-28,0,0,0.38481427900557175
THA,2022-02-28,0,0,0.19323422799566703
BEL,2022-02-28,0,0,0.3021581410397787
RUS,2022-02-28,0,0,0.4479823328177867
TUR,2022-02-28,0,0,0.41760992744891395
SGP,2022-02-28,0,0,0.27530866644553215
ISR,2022-02-28,0,0,0.3303410327436411
KOR,2022-02-28,0,0,0.505780434420192
NOR,2022-02-28,0,0,0.2849158118016731
JPN,2022-02-28,0,0,0.40330887442718727
ARE,2022-02-28,0,0,0.35966453818740973
BRA,2022-02-28,0,0,0.41714328530673983
IDN,2022-02-28,0,0,0.5779994737682667
CHN,2022-02-28,0,0,0.26727834260334826
NLD,2022-02-28,0,0,0.24967239862583898
USA,2022-02-28,0,0,0.5566629582323949
DEU,2022-02-28,0,0,0.3861484134531363
IRL,2022-02-28,0,0,0.25423928491841463
FRA,2022-02-28,0,0,0.3393556135348157
AUS,2022-02-28,0,0,0.4802880556421096
GBR,2022-02-28,0,0,0.3576607336966338
MEX,2022-02-28,0,0,0.40362509499209215
CAN,2022-02-28,0,0,0.4590803585478767
SAU,2022-02-28,0,0,0.2108823670075887
FRA,2022-03-31,0,0,0.46210268533180016
SWE,2022-03-31,0,0,0.22905213753711182
BRA,2022-03-31,0,0,0.3118580036781661
NOR,2022-03-31,0,0,0.3457633868850208
ISR,2022-03-31,0,0,0.3292208604749122
CAN,2022-03-31,0,0,0.521456351512418
TUR,2022-03-31,0,0,0.3785108336610943
ITA,2022-03-31,0,0,0.22678832165059418
SGP,2022-03-31,0,0,0.3544304446740832
AUS,2022-03-31,0,0,0.4621801944646557
KOR,2022-03-31,0,0,0.4291350484522267
JPN,2022-03-31,0,0,0.3723082477684496
ARE,2022-03-31,0,0,0.3320306126200714
RUS,2022-03-31,0,0,0.5053822069980396
CHN,2022-03-31,0,0,0.1991273709766739
DEU,2022-03-31,0,0,0.3344419545833146
IRL,2022-03-31,0,0,0.24587268462503453
NLD,2022-03-31,0,0,0.3049436873015822
SAU,2022-03-31,0,0,0.2432826982420014
MEX,2022-03-31,0,0,0.4053197947486294
BEL,2022-03-31,0,0,0.2906998441915879
THA,2022-03-31,0,0,0.19944182172115799
IDN,2022-03-31,0,0,0.3159305396518275
CHE,2022-03-31,0,0,0.19294666396151258
ESP,2022-03-31,0,0,0.3045446529119232
IND,2022-03-31,0,0,0.4634199688609371
POL,2022-03-31,0,0,0.28000413244717265
ARG,2022-03-31,0,0,0.42010438856776156
GBR,2022-03-31,0,0,0.4401357612671705
USA,2022-03-31,0,1,0.6346242292388907
GBR,2022-04-30,0,0,0.5159054814485358
IRL,2022-04-30,0,0,0.3626572507995087
IDN,2022-04-30,0,0,0.47581507666424067
ARE,2022-04-30,0,0,0.4446914344828657
SGP,2022-04-30,0,0,0.3810639285288618
IND,2022-04-30,0,0,0.505827080076848
KOR,2022-04-30,0,0,0.3685970308918595
MEX,2022-04-30,0,0,0.2444366025940952
SAU,2022-04-30,0,0,0.23647157540896524
BEL,2022-04-30,0,0,0.2598311259661075
USA,2022-04-30,0,1,0.6047847439169141
JPN,2022-04-30,0,0,0.40134622377616597
RUS,2022-04-30,0,0,0.43074234418431145
ITA,2022-04-30,0,0,0.3443946562793066
THA,2022-04-30,0,0,0.19267633997182787
AUS,2022-04-30,0,0,0.5491413183944087
CHE,2022-04-30,0,0,0.20146200006841797
CHN,2022-04-30,0,0,0.22007111846808458
ESP,2022-04-30,0,0,0.3967504268371604
POL,2022-04-30,0,0,0.3494718891491267
NLD,2022-04-30,0,0,0.24729541166815858
ARG,2022-04-30,0,0,0.5320693076733759
ISR,2022-04-30,0,0,0.27653026242322537
TUR,2022-04-30,0,0,0.3000588486437991
CAN,2022-04-30,0,0,0.4125868689397718
SWE,2022-04-30,0,0,0.2619034564287865
BRA,2022-04-30,0,0,0.41418761818801403
FRA,2022-04-30,0,0,0.40960871614122746
NOR,2022-04-30,0,0,0.331853812910147
DEU,2022-04-30,0,0,0.41437424557212993
CHN,2022-05-31,0,0,0.19704263535711122
KOR,2022-05-31,0,0,0.425303452807477
RUS,2022-05-31,0,0,0.29237217365607154
ISR,2022-05-31,0,0,0.46732632028007615
BEL,2022-05-31,0,0,0.31793344672852775
IDN,2022-05-31,0,0,0.3097058557810008
SGP,2022-05-31,0,0,0.32310046409799675
IND,2022-05-31,0,0,0.5760393717577191
POL,2022-05-31,0,0,0.25210025624853316
NLD,2022-05-31,0,0,0.24870946787794082
CAN,2022-05-31,0,0,0.3428345446747501
NOR,2022-05-31,0,0,0.39902272932838406
MEX,2022-05-31,0,0,0.41425059848257434
CHE,2022-05-31,0,0,0.1932199541169617
BRA,2022-05-31,0,0,0.43409512705374925
TUR,2022-05-31,0,0,0.2503736655313654
FRA,2022-05-31,0,0,0.2814740411156313
USA,2022-05-31,0,1,0.6033437851055837
SWE,2022-05-31,0,0,0.22774039932785783
ARE,2022-05-31,0,0,0.32841079244943294
ARG,2022-05-31,0,0,0.321198164521854
ESP,2022-05-31,0,0,0.43172994410242155
THA,2022-05-31,0,0,0.1922097791173609
SAU,2022-05-31,0,0,0.1964847194878633
ITA,2022-05-31,0,0,0.2798250254254586
DEU,2022-05-31,0,0,0.38506788396624797
AUS,2022-05-31,0,0,0.5942975448881311
JPN,2022-05-31,0,0,0.27621653184811673
IRL,2022-05-31,0,0,0.315353221665778
GBR,2022-05-31,0,0,0.506565130908673
FRA,2022-06-30,0,1,0.6264640863455858
CHN,2022-06-30,0,0,0.29293760737595753
ARE,2022-06-30,0,0,0.5020133251971575
CAN,2022-06-30,0,1,0.7712539612345536
BRA,2022-06-30,0,1,0.7642520251029407
BEL,2022-06-30,0,0,0.5777412380568824
DEU,2022-06-30,0,1,0.6209379785262313
ARG,2022-06-30,0,1,0.7796584892189653
TUR,2022-06-30,0,1,0.6727261304377302
IDN,2022-06-30,0,1,0.7934634268755669
GBR,2022-06-30,0,1,0.7681355345808001
CHE,2022-06-30,0,0,0.3835892586717933
ESP,2022-06-30,0,0,0.5956654120806393
AUS,2022-06-30,0,0,0.5042243855547348
IRL,2022-06-30,0,0,0.5231521931721534
NLD,2022-06-30,0,0,0.4797288962393888
POL,2022-06-30,0,0,0.5934330343664876
JPN,2022-06-30,0,0,0.5396571240148194
RUS,2022-06-30,0,1,0.7719023299294044
KOR,2022-06-30,0,1,0.6539606752561472
USA,2022-06-30,0,1,0.7859911714869144
SGP,2022-06-30,0,0,0.4210078428279685
THA,2022-06-30,0,0,0.20118477575028904
NOR,2022-06-30,0,1,0.6538011040605922
ITA,2022-06-30,0,1,0.607207292271998
MEX,2022-06-30,0,1,0.653047941287401
SWE,2022-06-30,0,0,0.43465530972872407
ISR,2022-06-30,0,1,0.7570438776041879
IND,2022-06-30,0,1,0.796942552430605
SAU,2022-06-30,0,0,0.37623772611812306
ISR,2022-07-31,0,1,0.77572971031538
BEL,2022-07-31,0,0,0.4531248341988296
ESP,2022-07-31,0,1,0.7482248637225749
AUS,2022-07-31,0,1,0.7915702310585243
NLD,2022-07-31,0,0,0.39722302349740773
FRA,2022-07-31,0,1,0.6281417037427133
RUS,2022-07-31,0,1,0.762947557814155
BRA,2022-07-31,0,1,0.7926595682261123
DEU,2022-07-31,0,1,0.7651712801651492
POL,2022-07-31,0,0,0.584154263950885
SAU,2022-07-31,0,0,0.2938346286474574
JPN,2022-07-31,0,1,0.68320713208275
TUR,2022-07-31,0,1,0.6618118872241748
SGP,2022-07-31,0,0,0.496099662487339
KOR,2022-07-31,0,0,0.45972950964006404
NOR,2022-07-31,0,1,0.6276418284485273
CHN,2022-07-31,0,0,0.34726396407129095
CAN,2022-07-31,0,1,0.7658530546974157
MEX,2022-07-31,0,1,0.6402197422863579
ARE,2022-07-31,0,0,0.5668059549187267
CHE,2022-07-31,0,0,0.268487481458225
ITA,2022-07-31,0,1,0.6874677374292487
GBR,2022-07-31,0,1,0.7391625464801858
USA,2022-07-31,0,1,0.7959229941835743
THA,2022-07-31,0,0,0.1981902341523536
IDN,2022-07-31,0,0,0.49609639733682026
IRL,2022-07-31,0,0,0.5609270729588366
SWE,2022-07-31,0,0,0.5315070198274551
ARG,2022-07-31,0,1,0.7919472602291355
IND,2022-07-31,0,1,0.7897375661151576
FRA,2022-08-31,0,0,0.5866158851475469
USA,2022-08-31,0,1,0.7970854105756696
ISR,2022-08-31,0,1,0.784587852671763
KOR,2022-08-31,0,1,0.7543661433904352
IDN,2022-08-31,0,1,0.7422049117229071
ARG,2022-08-31,0,1,0.7919951069311626
BEL,2022-08-31,0,0,0.5912970761340265
TUR,2022-08-31,0,1,0.629889282675911
CHE,2022-08-31,0,0,0.24423466326158763
SGP,2022-08-31,0,0,0.48766246971470234
BRA,2022-08-31,0,1,0.792898488139724
THA,2022-08-31,0,0,0.20006847982769713
SWE,2022-08-31,0,0,0.3975093016465272
ITA,2022-08-31,0,0,0.24540241656421977
JPN,2022-08-31,0,1,0.6296232776875246
IND,2022-08-31,0,1,0.8016385484793241
DEU,2022-08-31,0,1,0.6314415181895741
MEX,2022-08-31,0,1,0.6483204232824478
ESP,2022-08-31,0,1,0.7099342599659418
NOR,2022-08-31,0,1,0.6903252463750476
RUS,2022-08-31,0,1,0.7623990936126562
POL,2022-08-31,0,1,0.6057873735250884
SAU,2022-08-31,0,0,0.36222007398753137
ARE,2022-08-31,0,0,0.44940425969685366
AUS,2022-08-31,0,1,0.7946372284507263
IRL,2022-08-31,0,1,0.6038331326455841
GBR,2022-08-31,0,0,0.5616458578250207
NLD,2022-08-31,0,0,0.497625772741066
CAN,2022-08-31,0,1,0.7713433466841927
CHN,2022-08-31,0,0,0.25211819869556945
SAU,2022-09-30,0,0,0.518711899220042
BEL,2022-09-30,0,0,0.4580198557518891
TUR,2022-09-30,0,1,0.6640896151715868
MEX,2022-09-30,0,1,0.7274625415366617
NLD,2022-09-30,0,0,0.5364098662061719
BRA,2022-09-30,0,0,0.4461820499003593
IND,2022-09-30,0,1,0.6920266776878853
GBR,2022-09-30,0,1,0.7902004628218698
THA,2022-09-30,0,0,0.2325661136075707
DEU,2022-09-30,0,1,0.6177244534365746
ARE,2022-09-30,0,0,0.5276223886064862
SWE,2022-09-30,0,0,0.3798587772417143
SGP,2022-09-30,0,0,0.5186297190831181
ITA,2022-09-30,0,1,0.6429425660228985
JPN,2022-09-30,0,1,0.6385934581079447
IRL,2022-09-30,0,0,0.5038504126837173
CHN,2022-09-30,0,0,0.2121755549303359
NOR,2022-09-30,0,1,0.6700649541011271
ESP,2022-09-30,0,1,0.6813647637669599
ARG,2022-09-30,0,1,0.787489603753133
KOR,2022-09-30,0,0,0.47392839543614906
IDN,2022-09-30,0,1,0.6594296686701802
USA,2022-09-30,0,1,0.7987093488253499
FRA,2022-09-30,0,0,0.3338908451766522
POL,2022-09-30,0,0,0.5180173057607992
ISR,2022-09-30,0,1,0.7869476309019178
AUS,2022-09-30,0,1,0.7823385587673904
CAN,2022-09-30,0,1,0.7574150160914667
RUS,2022-09-30,0,1,0.7729179983117117
CHE,2022-09-30,0,0,0.2714017811662463
CHE,2022-10-31,0,0,0.31118847819009415
SWE,2022-10-31,0,0,0.4211424834148148
ARG,2022-10-31,0,1,0.7661623890217268
NOR,2022-10-31,0,1,0.7409035640099494
ARE,2022-10-31,0,0,0.2595927530372546
ITA,2022-10-31,0,0,0.5330779946554793
JPN,2022-10-31,0,1,0.7319548696690014
FRA,2022-10-31,0,1,0.6679304746383474
GBR,2022-10-31,0,1,0.7649444590221118
MEX,2022-10-31,0,0,0.5121914286076192
IDN,2022-10-31,0,1,0.7632666368429785
IND,2022-10-31,0,1,0.7979132969769361
DEU,2022-10-31,0,1,0.6843341359183192
SGP,2022-10-31,0,1,0.6403569565689072
POL,2022-10-31,0,0,0.5496167047469792
USA,2022-10-31,0,1,0.7868321712210021
KOR,2022-10-31,0,1,0.6765313977958609
CAN,2022-10-31,0,1,0.7705698486330118
NLD,2022-10-31,0,1,0.6020314184796266
RUS,2022-10-31,0,1,0.7715161646478131
BEL,2022-10-31,0,0,0.4476464019565512
TUR,2022-10-31,0,1,0.6814310201723087
ESP,2022-10-31,0,1,0.6773109597543732
ISR,2022-10-31,0,1,0.7724591568703122
SAU,2022-10-31,0,0,0.2778654322583072
AUS,2022-10-31,0,1,0.79660970507821
CHN,2022-10-31,0,0,0.32690952657937467
IRL,2022-10-31,0,0,0.5290542528692127
BRA,2022-10-31,0,1,0.7873198552516921
THA,2022-10-31,0,0,0.19882420792500752
IDN,2022-11-30,0,1,0.7545557824134743
CHN,2022-11-30,0,0,0.4300153202537372
NOR,2022-11-30,0,1,0.6725404754226622
TUR,2022-11-30,0,0,0.5231263971870185
BRA,2022-11-30,0,1,0.7868860353000781
JPN,2022-11-30,0,1,0.6559796156986915
CAN,2022-11-30,0,1,0.7688444442377279
IND,2022-11-30,0,1,0.8002328590266418
KOR,2022-11-30,0,1,0.618136784879748
SAU,2022-11-30,0,0,0.22721266953815408
SWE,2022-11-30,0,0,0.4378769199685258
SGP,2022-11-30,0,1,0.6077301607232327
CHE,2022-11-30,0,0,0.3075311143396518
ISR,2022-11-30,0,1,0.7735903445920466
FRA,2022-11-30,0,1,0.6466494529171354
ESP,2022-11-30,0,1,0.6153662620960462
BEL,2022-11-30,0,0,0.42948662692550954
AUS,2022-11-30,0,1,0.7786300903619963
ARG,2022-11-30,0,1,0.771715660009066
THA,2022-11-30,0,0,0.22464418752045479
NLD,2022-11-30,0,0,0.35912939504387725
GBR,2022-11-30,0,1,0.7679152983571004
ITA,2022-11-30,0,1,0.699696270844639
DEU,2022-11-30,0,1,0.6009697938354298
POL,2022-11-30,0,0,0.5243585377100827
USA,2022-11-30,0,1,0.7884323576872346
MEX,2022-11-30,0,1,0.751224445733953
RUS,2022-11-30,0,1,0.7755315544686691
ARE,2022-11-30,0,0,0.39613771546344406
IRL,2022-11-30,0,0,0.29775803812677354
IDN,2022-12-31,0,1,0.7736061631642817
AUS,2022-12-31,0,1,0.7969691981274911
RUS,2022-12-31,1,1,0.7624211489222131
FRA,2022-12-31,0,0,0.32568704485010186
ARG,2022-12-31,0,1,0.7889410452228329
USA,2022-12-31,0,1,0.7730642023961248
GBR,2022-12-31,0,1,0.7598140990652741
ISR,2022-12-31,1,1,0.763920829911832
CHN,2022-12-31,0,0,0.3198446404075302
CHE,2022-12-31,0,0,0.32365206045378586
IRL,2022-12-31,0,1,0.6280483993533633
ITA,2022-12-31,0,1,0.6604228567450037
NLD,2022-12-31,0,0,0.4987720584806505
DEU,2022-12-31,0,1,0.6301140986073369
POL,2022-12-31,0,0,0.3936220330163234
MEX,2022-12-31,0,0,0.5938354512439054
JPN,2022-12-31,1,1,0.723468922124428
SWE,2022-12-31,0,0,0.5858487560502238
THA,2022-12-31,0,0,0.20564006224073453
SAU,2022-12-31,0,0,0.310493761725619
BRA,2022-12-31,0,1,0.7780461601076234
NOR,2022-12-31,1,1,0.6401648227977915
BEL,2022-12-31,0,0,0.41134194833793347
ESP,2022-12-31,0,1,0.6664491038401751
TUR,2022-12-31,0,1,0.664046039280142
CAN,2022-12-31,1,1,0.7476414816577508
ARE,2022-12-31,0,0,0.5948757161699741
IND,2022-12-31,0,1,0.795375594701897
SGP,2022-12-31,1,0,0.5616386439914728
KOR,2022-12-31,0,1,0.6621063521526277
SAU,2023-01-31,0,0,0.21611740828824608
CAN,2023-01-31,0,0,0.4832815086237385
NLD,2023-01-31,0,0,0.34434202603916253
USA,2023-01-31,0,0,0.501535934536291
CHE,2023-01-31,0,0,0.19327161935228465
MEX,2023-01-31,0,0,0.47316736956741057
GBR,2023-01-31,0,0,0.44607926941084514
IND,2023-01-31,0,0,0.5145212810353655
ISR,2023-01-31,0,0,0.45508607191372646
RUS,2023-01-31,0,1,0.6091245725291348
SGP,2023-01-31,0,0,0.4168681003610783
ESP,2023-01-31,0,0,0.22164896804567571
SWE,2023-01-31,0,0,0.26874729692649985
KOR,2023-01-31,0,0,0.3401787025551764
BEL,2023-01-31,0,0,0.24987310613585245
AUS,2023-01-31,0,0,0.3360690837636308
THA,2023-01-31,0,0,0.2587082845877302
FRA,2023-01-31,0,0,0.3751823877275296
POL,2023-01-31,0,0,0.2471577129081739
ARE,2023-01-31,0,0,0.1921583994095156
ARG,2023-01-31,0,0,0.5952944828226517
ITA,2023-01-31,0,0,0.31899184029982447
JPN,2023-01-31,0,0,0.22748672640993028
BRA,2023-01-31,0,0,0.31179934723966296
TUR,2023-01-31,0,0,0.44253094809800064
IRL,2023-01-31,0,0,0.236907209965032
NOR,2023-01-31,0,0,0.4799691934090837
CHN,2023-01-31,0,0,0.2138371344433135
IDN,2023-01-31,0,0,0.42440788484418296
DEU,2023-01-31,0,0,0.36098600976085987
SAU,2023-02-28,0,0,0.27630312469216306
ARG,2023-02-28,0,0,0.46704449088761074
AUS,2023-02-28,0,0,0.4200301389914846
ARE,2023-02-28,0,0,0.1938412883054267
NLD,2023-02-28,0,0,0.3010681202656332
USA,2023-02-28,0,0,0.4529053885124814
BEL,2023-02-28,0,0,0.22575756890742094
POL,2023-02-28,0,0,0.39167115662100277
SWE,2023-02-28,0,0,0.24358221131583124
BRA,2023-02-28,0,0,0.3482181098450668
NOR,2023-02-28,0,0,0.38780424044627343
RUS,2023-02-28,0,0,0.5844947678215159
CAN,2023-02-28,0,0,0.46638400116704865
KOR,2023-02-28,0,0,0.28930221223648295
CHN,2023-02-28,0,0,0.20480675661693568
GBR,2023-02-28,0,0,0.48926745809083033
ESP,2023-02-28,0,0,0.23632879556800668
IRL,2023-02-28,0,0,0.2439215735743332
THA,2023-02-28,0,0,0.34577067994658234
IDN,2023-02-28,0,0,0.2599087929864187
ISR,2023-02-28,0,0,0.5077622436489797
FRA,2023-02-28,0,0,0.3205417697652064
DEU,2023-02-28,0,0,0.3648782601646392
TUR,2023-02-28,0,0,0.3686660988996097
JPN,2023-02-28,0,0,0.2942180486158555
SGP,2023-02-28,0,0,0.2839607825973096
MEX,2023-02-28,0,0,0.36168141493891043
ITA,2023-02-28,0,0,0.3081642702115408
CHE,2023-02-28,0,0,0.23555671161341962
IND,2023-02-28,0,0,0.4324136559413298
POL,2023-03-31,0,0,0.2969503827395024
BRA,2023-03-31,0,0,0.40039161889684366
BEL,2023-03-31,0,0,0.32076547914251813
TUR,2023-03-31,0,0,0.34924896625168844
USA,2023-03-31,0,0,0.4938489222788201
JPN,2023-03-31,0,0,0.23210702596342078
NOR,2023-03-31,0,0,0.5196667253483315
THA,2023-03-31,0,0,0.2402333527679099
ITA,2023-03-31,0,0,0.4651787266896137
ESP,2023-03-31,0,0,0.250976856092794
IND,2023-03-31,0,0,0.5009075501005419
DEU,2023-03-31,0,0,0.41037596294749323
CHN,2023-03-31,0,0,0.1960125149970647
GBR,2023-03-31,0,0,0.4980969771257658
SWE,2023-03-31,0,0,0.21863578874327072
FRA,2023-03-31,0,0,0.5024196220752813
MEX,2023-03-31,0,0,0.5614284715861652
CHE,2023-03-31,0,0,0.2044214546046236
AUS,2023-03-31,0,0,0.4098036979350534
RUS,2023-03-31,0,0,0.5862256857498472
CAN,2023-03-31,0,0,0.4663405162707293
ISR,2023-03-31,0,0,0.4396659781443306
SGP,2023-03-31,0,0,0.23202598949159917
SAU,2023-03-31,0,0,0.2050558826188761
ARG,2023-03-31,0,0,0.46704449088761074
IRL,2023-03-31,0,0,0.3468400403424508
ARE,2023-03-31,0,0,0.19210751199904963
KOR,2023-03-31,0,0,0.2447282322415351
NLD,2023-03-31,0,0,0.3350014829437968
IDN,2023-03-31,0,0,0.3166425147789851
IRL,2023-04-30,0,0,0.24759458431956846
ITA,2023-04-30,0,0,0.35858765551927246
FRA,2023-04-30,0,0,0.46808913962161974
POL,2023-04-30,0,0,0.21848910959787735
SWE,2023-04-30,0,0,0.2792556568293616
RUS,2023-04-30,0,0,0.573774154650145
ISR,2023-04-30,0,0,0.3411867808377913
DEU,2023-04-30,0,0,0.511741613927693
THA,2023-04-30,0,0,0.33499029833156757
ARE,2023-04-30,0,0,0.20220782399910817
BEL,2023-04-30,0,0,0.41096612672539506
AUS,2023-04-30,0,0,0.34067501723175225
USA,2023-04-30,0,0,0.5419856345000579
ESP,2023-04-30,0,0,0.2552053046566809
SGP,2023-04-30,0,0,0.3597118376865415
KOR,2023-04-30,0,0,0.2844578771957503
CHN,2023-04-30,0,0,0.2408186417616586
IDN,2023-04-30,0,0,0.4251525247267594
IND,2023-04-30,0,0,0.5635732943459626
SAU,2023-04-30,0,0,0.22175543361328232
CAN,2023-04-30,0,0,0.4706074390091179
TUR,2023-04-30,0,0,0.3632653375561122
ARG,2023-04-30,0,0,0.3565740907654462
BRA,2023-04-30,0,0,0.44608234627232096
NLD,2023-04-30,0,0,0.2706723163913333
NOR,2023-04-30,0,0,0.5006004872834279
MEX,2023-04-30,0,0,0.5409616547862249
GBR,2023-04-30,0,0,0.5254382935207395
JPN,2023-04-30,0,0,0.2895899940770313
CHE,2023-04-30,0,0,0.21467284868314093
CHE,2023-05-31,0,0,0.1962754502068836
ARE,2023-05-31,0,0,0.19273873210973416
KOR,2023-05-31,0,0,0.22265609940047945
IDN,2023-05-31,0,0,0.339679170607937
RUS,2023-05-31,0,0,0.584808533998578
FRA,2023-05-31,0,0,0.29132462601465775
MEX,2023-05-31,0,0,0.4040434378163269
CAN,2023-05-31,0,0,0.4841218250325304
SAU,2023-05-31,0,0,0.27544363744261074
IRL,2023-05-31,0,0,0.2737777527729442
AUS,2023-05-31,0,0,0.25949612233811337
ISR,2023-05-31,0,0,0.3251981240680377
USA,2023-05-31,0,0,0.40412676207419457
ITA,2023-05-31,0,0,0.4855177820860252
NLD,2023-05-31,0,0,0.3117714186858163
DEU,2023-05-31,0,0,0.5112213907457267
GBR,2023-05-31,0,0,0.37946819331236936
SWE,2023-05-31,0,0,0.23488053058565683
BEL,2023-05-31,0,0,0.2903043763012046
SGP,2023-05-31,0,0,0.3054238111955138
BRA,2023-05-31,0,0,0.3354250387894688
TUR,2023-05-31,0,0,0.4462195664724396
NOR,2023-05-31,0,0,0.5049244416310649
THA,2023-05-31,0,0,0.2340655637223583
IND,2023-05-31,0,0,0.45526603161360657
CHN,2023-05-31,0,0,0.20010940211698025
ESP,2023-05-31,0,0,0.2716867363875883
POL,2023-05-31,0,0,0.31915839986010186
JPN,2023-05-31,0,0,0.2335116979943674
ARG,2023-05-31,0,0,0.5408886170932048
RUS,2023-06-30,0,1,0.7687955962384178
SWE,2023-06-30,0,0,0.4303337764337973
ARG,2023-06-30,0,1,0.7842285826786585
IRL,2023-06-30,0,0,0.3112952415531433
USA,2023-06-30,0,1,0.6486116166381132
SGP,2023-06-30,0,0,0.5775012290231889
IND,2023-06-30,0,1,0.7660677699306985
IDN,2023-06-30,0,1,0.7728487876270497
GBR,2023-06-30,0,1,0.7663295530747707
SAU,2023-06-30,0,0,0.5859717219774484
ARE,2023-06-30,0,0,0.2266188171296675
FRA,2023-06-30,0,1,0.7418271122693731
MEX,2023-06-30,0,0,0.5755899607729306
CAN,2023-06-30,0,1,0.7867857716711315
CHE,2023-06-30,0,0,0.22872355841329342
KOR,2023-06-30,0,1,0.6082412551021426
NLD,2023-06-30,0,0,0.3322825071275903
CHN,2023-06-30,0,0,0.25752967536360405
TUR,2023-06-30,0,1,0.6875765800001726
BRA,2023-06-30,0,1,0.7655838737107952
NOR,2023-06-30,0,1,0.620625343667314
ITA,2023-06-30,0,1,0.6815273455977614
DEU,2023-06-30,0,1,0.6463669615805988
BEL,2023-06-30,0,0,0.5722042898552613
JPN,2023-06-30,0,1,0.6855046407520629
POL,2023-06-30,0,0,0.3494716316011726
ISR,2023-06-30,0,1,0.7552100301442328
THA,2023-06-30,0,0,0.2940533041037176
ESP,2023-06-30,0,1,0.7148396887416743
AUS,2023-06-30,0,1,0.766964462408163
NLD,2023-07-31,0,0,0.4969190103797417
ARE,2023-07-31,0,0,0.2637252292157731
AUS,2023-07-31,0,1,0.7857824127667493
KOR,2023-07-31,0,0,0.4819763653017953
SAU,2023-07-31,0,0,0.2550405746539445
ISR,2023-07-31,0,1,0.7025072262968842
CHE,2023-07-31,0,0,0.21259065124367094
IRL,2023-07-31,0,0,0.573287896329928
CAN,2023-07-31,0,1,0.7532209734729586
USA,2023-07-31,0,1,0.6944381874258202
RUS,2023-07-31,0,1,0.7663358240982707
IDN,2023-07-31,0,1,0.7679926724248327
SGP,2023-07-31,0,0,0.49716454336394866
TUR,2023-07-31,0,0,0.40904167187980606
THA,2023-07-31,0,0,0.3336517059256379
POL,2023-07-31,0,1,0.6540021129031516
BEL,2023-07-31,0,0,0.30773258033719514
ARG,2023-07-31,0,1,0.7821318574815028
DEU,2023-07-31,0,1,0.698659361826156
ESP,2023-07-31,0,0,0.31700480802739456
NOR,2023-07-31,0,1,0.6142048226391835
CHN,2023-07-31,0,0,0.2901835152868057
SWE,2023-07-31,0,0,0.5185838322534368
FRA,2023-07-31,0,1,0.7489983181011342
JPN,2023-07-31,0,0,0.45056142732110055
GBR,2023-07-31,0,1,0.7567969879546054
BRA,2023-07-31,0,1,0.7810273763227502
IND,2023-07-31,0,1,0.7862253278618566
ITA,2023-07-31,0,1,0.7245816053157307
MEX,2023-07-31,0,1,0.7194862600033923
SAU,2023-08-31,0,0,0.35493642609381126
CHE,2023-08-31,0,0,0.2055510143294891
ARG,2023-08-31,0,1,0.6404449757708914
IDN,2023-08-31,0,0,0.417113215617245
IND,2023-08-31,0,1,0.7943813702685093
GBR,2023-08-31,0,1,0.7578215244916741
IRL,2023-08-31,0,0,0.41922071102986275
USA,2023-08-31,0,1,0.7590489387701888
FRA,2023-08-31,0,1,0.6922425690893985
ISR,2023-08-31,0,1,0.6307632703032838
THA,2023-08-31,0,1,0.6094911720893611
ESP,2023-08-31,0,0,0.5176000379721226
DEU,2023-08-31,0,1,0.7654263121481696
ITA,2023-08-31,0,1,0.7430620609181792
JPN,2023-08-31,0,1,0.6177561187875678
TUR,2023-08-31,0,1,0.7398988473263505
CHN,2023-08-31,0,0,0.2166924543278869
KOR,2023-08-31,0,0,0.5049744722692285
MEX,2023-08-31,0,1,0.7654179987873636
CAN,2023-08-31,0,1,0.7441717926210073
NLD,2023-08-31,0,1,0.6738907732751915
BRA,2023-08-31,0,1,0.6597626810192666
NOR,2023-08-31,0,1,0.7165930681989138
BEL,2023-08-31,0,0,0.5398728638783468
POL,2023-08-31,0,0,0.4196938892629007
AUS,2023-08-31,0,1,0.743842945169015
RUS,2023-08-31,0,1,0.7808116666745155
SWE,2023-08-31,0,0,0.3989787726974669
ARE,2023-08-31,0,0,0.20081666752253513
SGP,2023-08-31,0,0,0.45971234202449923
IRL,2023-09-30,0,0,0.5238208317543143
THA,2023-09-30,0,0,0.5637417003246378
ARE,2023-09-30,0,0,0.2003218092373277
ARG,2023-09-30,0,1,0.7726929565817781
AUS,2023-09-30,0,1,0.7587146696835809
BEL,2023-09-30,0,0,0.4574412297570178
BRA,2023-09-30,0,1,0.7317588393158968
CAN,2023-09-30,0,1,0.752833123856058
CHE,2023-09-30,0,0,0.2693161551159855
CHN,2023-09-30,0,0,0.24635660225594483
DEU,2023-09-30,0,1,0.725121897303309
ESP,2023-09-30,0,0,0.5043962220440977
FRA,2023-09-30,0,1,0.6678256308178198
GBR,2023-09-30,0,1,0.7807196544519531
TUR,2023-09-30,0,1,0.7455929735225189
IDN,2023-09-30,0,1,0.6931824792506176
ISR,2023-09-30,0,1,0.727038588679182
ITA,2023-09-30,0,1,0.7051239134320623
JPN,2023-09-30,0,1,0.6088637659923536
KOR,2023-09-30,0,0,0.4000555043485692
MEX,2023-09-30,0,1,0.7225905091255161
NLD,2023-09-30,0,0,0.4799809475011025
NOR,2023-09-30,0,1,0.7284259519931541
POL,2023-09-30,0,0,0.5072650468359058
RUS,2023-09-30,0,1,0.7925710387478594
SAU,2023-09-30,0,0,0.5233600238237305
SGP,2023-09-30,0,0,0.4997815018098941
SWE,2023-09-30,0,0,0.505110768241376
IND,2023-09-30,0,1,0.7907372788192267
USA,2023-09-30,0,1,0.7828484356193989
