country,country_name,year,inflation_cpi_pct,interest_rate_pct,exports_pct_gdp,imports_pct_gdp,gdp_current_usd,gdp_growth_pct,unemployment_rate_pct
AR,Argentina,2018-01-01,34.2772237131003,4.56440909873515,14.4366857499034,16.3258502050892,524819892360.176,-2.61739646282038,9.22
AR,Argentina,2019-01-01,53.5483043492339,12.1039696489828,17.9248783778462,14.7057366680037,447754683615.225,-2.00086100285785,9.843
AR,Argentina,2020-01-01,42.0150947376509,-7.63517421630372,16.6054144372484,13.5982843701675,385740508436.965,-9.9004848136464,11.461
AR,Argentina,2021-01-01,48.4093786255199,-11.8618379621172,18.0667091690365,15.0119803984295,486564085480.036,10.4418119882506,8.736
AR,Argentina,2022-01-01,72.430757531824,-9.81968419782897,16.2816677253254,15.2985115353002,633993756301.08,6.02074537534855,6.805
AR,Argentina,2023-01-01,133.488935594175,-17.2542810000345,12.8223120961047,13.8546391521167,649461687959.174,-1.85578803046339,6.139
AR,Argentina,2024-01-01,219.883929014578,-47.4304580263773,15.2497485928824,12.6800122564846,638365455340.04,-1.34293072157739,7.15
AU,Australia,2000-01-01,4.45743514797224,5.03411252620181,19.356082688226,21.5070430809694,416901962163.479,3.9160574881715,6.288
AU,Australia,2001-01-01,4.40713536201469,2.10299461437177,22.1097572675813,22.0239741296115,380360222861.197,2.03145880248898,6.747
AU,Australia,2002-01-01,2.98157453936348,3.42491629064352,20.6927681028396,20.6885447118526,396436967262.563,3.94980535772942,6.375
AU,Australia,2003-01-01,2.73259596616786,3.51968278100984,19.0255629975486,21.1092381818995,468517181129.878,3.0912800997751,5.933
AU,Australia,2004-01-01,2.34325522482583,3.69949132705322,17.1350628732794,19.8154530885495,615643050220.515,4.21894147547516,5.399
AU,Australia,2005-01-01,2.69183168316832,3.30680627260577,18.1951172148922,20.9027650415889,696811489612.816,3.15548121323168,5.036
AU,Australia,2006-01-01,3.55528773727026,2.37921843259392,19.8193564623907,21.6685358865245,749708370332.989,2.7709261737475,4.785
AU,Australia,2007-01-01,2.32761128891476,3.05876012508835,20.1458953527592,21.783849774897,856603595823.192,3.78947119882653,4.381
AU,Australia,2008-01-01,4.35029854990048,4.15102038072407,20.1044121403643,22.6478086476665,1058448244063.77,3.62398503565633,4.242
AU,Australia,2009-01-01,1.77111716621254,0.980313225386648,22.9369071089635,22.6567049778154,931761689770.843,1.95484826298522,5.565
AU,Australia,2010-01-01,2.91834002677376,6.04356005483096,19.7322237124156,20.658283373645,1152566632022.13,2.21004795300735,5.214
AU,Australia,2011-01-01,3.3038501560874,1.44878757207191,21.3710952598475,20.3508907551214,1402939868653.4,2.39473494330615,5.083
AU,Australia,2012-01-01,1.76278015613196,5.08629843609618,21.4212330245448,21.598616528211,1552728401401.58,3.95247138119184,5.225
AU,Australia,2013-01-01,2.4498886414254,6.31873407967246,19.8931411047873,21.2073707762687,1583737461925.39,2.65445302592404,5.663
AU,Australia,2014-01-01,2.48792270531404,4.46963335705945,20.9959179912807,21.3033915472475,1474677007565.64,2.60118978187332,6.078
AU,Australia,2015-01-01,1.50836672165921,6.24156802765539,19.9846454503255,21.5101052436646,1356805839935.9,2.16434780647852,6.055
AU,Australia,2016-01-01,1.27699094497324,6.13556882319326,19.2031438783351,21.6102583389859,1211588128417.61,2.75564065529868,5.711
AU,Australia,2017-01-01,1.94864740944527,1.54300485864138,21.1718412211076,20.8635723040778,1330890554614.09,2.29331030192918,5.592
AU,Australia,2018-01-01,1.91140094445691,3.35275994582846,21.8125736575066,21.7606517070152,1433144978761.67,2.87417039499501,5.345
AU,Australia,2019-01-01,1.61076787290379,1.56982320729507,24.0624800210722,21.939202684145,1398349602956.35,2.19401703622717,5.143
BR,Brazil,2000-01-01,7.04414105947266,48.5047281831843,10.1880480058491,12.4517133531264,655448188259.351,4.38794944364869,10.889
BR,Brazil,2001-01-01,6.84035902487523,45.6378187168126,12.3717106723871,14.5645743525559,559983704094.17,1.3898964044581,10.649
BR,Brazil,2002-01-01,8.45016437708331,48.3404374497978,14.2305902741157,13.3877671336016,509795270685.19,3.05346185683619,10.641
BR,Brazil,2003-01-01,14.7149197228147,46.447398837078,15.1807837057459,12.959601015803,558233724164.711,1.14082899877101,11.168
BR,Brazil,2004-01-01,6.59718509985963,43.7791527215823,16.5457615138976,13.1324909664519,669289321944.512,5.75996463685998,10.072
BR,Brazil,2005-01-01,6.86953720898964,44.6351688572486,15.2438292651669,11.842965940081,891633826625.407,3.20213206216255,10.551
BR,Brazil,2006-01-01,4.18356812896909,41.240326487245,14.3743163021339,11.6673835858106,1107626711163.23,3.96198870899485,9.692
BR,Brazil,2007-01-01,3.64127299102652,35.022515450831,13.3276751043,11.9649362714806,1397114247188.89,6.06987060733128,9.28
BR,Brazil,2008-01-01,5.67859390284168,35.3667577888094,13.534000513391,13.7235689032042,1695855391757.96,5.09419544811998,8.268
BR,Brazil,2009-01-01,4.88803479876799,34.792009638163,10.8513711350383,11.2546044710328,1666996294252.12,-0.12581200299141,9.419
BR,Brazil,2010-01-01,5.03872690108075,29.1158055183638,10.8655847760176,11.9065933372032,2208838108484.35,7.52822581812151,8.42
BR,Brazil,2011-01-01,6.6364496221309,32.8334595056712,11.5825126792652,12.3518924972451,2616156606579.21,3.97442307944702,7.578
BR,Brazil,2012-01-01,5.40349914036997,26.582090535334,11.8775390706917,13.2367345396404,2465228293706.86,1.92117598509462,7.251
BR,Brazil,2013-01-01,6.20431066640101,18.4988444169071,11.7422306467311,14.0437266814141,2472819362043.74,3.0048226702888,7.071
BR,Brazil,2014-01-01,6.32904015516139,22.4036724327293,11.0119428189165,13.6734629943755,2456043766032.38,0.503955740273241,6.755
BR,Brazil,2015-01-01,9.02990102416136,33.8323439713292,12.9001914186486,14.0534345185884,1802211999456.42,-3.54576339347278,8.538
BR,Brazil,2016-01-01,8.73914352329393,40.6983614299632,12.4666790428125,12.0670030342632,1795693265999.04,-3.2759169063211,11.58
BR,Brazil,2017-01-01,3.44637335032669,41.7138078837268,12.5189678705014,11.800766503667,2063514688805.78,1.32286905390815,12.792
BR,Brazil,2018-01-01,3.66485028376729,33.1023342525489,14.6349994958796,14.2412038802734,1916933708352.71,1.78366676137003,12.329
BR,Brazil,2019-01-01,3.73297621216894,31.9030727574424,14.1229191909095,14.7673386788259,1873288158838.63,1.22077782271943,11.936
BR,Brazil,2020-01-01,3.21176803803376,21.1971796693451,16.4535520099709,15.8485265343782,1476107292151.95,-3.27675879612903,13.697
BR,Brazil,2021-01-01,8.30165975585673,15.0108849846562,19.1094303686964,18.5469003905612,1670647464062.96,4.7626043797061,13.158
BR,Brazil,2022-01-01,9.28010608956873,28.3960928180404,19.6307650034838,19.1853009729483,1951923832083.87,3.01669435408112,9.231
BR,Brazil,2023-01-01,4.59356282283204,36.554470620355,17.9693243032658,15.6969055268626,2191131869706.02,3.24165532813583,7.947
BR,Brazil,2024-01-01,4.36746407652337,34.7285151444461,17.9385794398128,17.6459444987261,2185821648943.86,3.41931516597739,6.801
CA,Canada,2000-01-01,2.71943995691976,2.77523978507557,44.209235821106,38.5561220292153,744773415931.587,5.1385391803606,6.829
CA,Canada,2001-01-01,2.52512013979906,4.17315129465872,42.0399550909321,36.3042633034376,738981792355.372,1.87509810696022,7.219
CA,Canada,2002-01-01,2.25839440940855,2.91416358806175,40.0586585930818,35.6483734848415,760649334098.005,2.99925535017809,7.665
CA,Canada,2003-01-01,2.75856321360112,1.39251006593115,36.8659851985508,32.9741094185099,895540646634.787,1.80638512302554,7.574
CA,Canada,2004-01-01,1.85725871857256,0.715785255573854,37.3277713060483,32.864648684908,1026690238278.25,3.09236384292251,7.185
CA,Canada,2005-01-01,2.21355203439767,1.26073562439765,36.8567073235071,32.9024256932286,1173108598778.68,3.21045439063563,6.758
CA,Canada,2006-01-01,2.00202539534161,3.16108200746548,35.4024592168513,32.6497052601475,1319264809590.97,2.63794375007348,6.484
CA,Canada,2007-01-01,2.13838399266837,2.71404282733284,34.229555163977,32.0538645842577,1468820407783.26,2.04990463726786,6.156
CA,Canada,2008-01-01,2.37027067444299,0.704688614980782,34.3950055520687,32.6286028098296,1552989690721.65,0.995406301140747,6.284
CA,Canada,2009-01-01,0.299466803009299,4.83312174515317,28.5158343165743,29.9585575059154,1374625142157.29,-2.91508621550267,8.46
CA,Canada,2010-01-01,1.77687154092627,-0.237699919212503,29.1673819330319,31.0407395714164,1617343367486.26,3.09080634469335,8.178
CA,Canada,2011-01-01,2.91213508872351,-0.236773145019819,30.6783919173107,31.8203468535221,1793326630174.52,3.13719442170364,7.637
CA,Canada,2012-01-01,1.51567823124517,1.76011030499221,30.3530255225878,32.2425234169127,1828366481521.6,1.75566129145483,7.392
CA,Canada,2013-01-01,0.938291897815317,1.23771666507039,30.3319386683867,31.8991362329537,1846597421834.98,2.32581354806429,7.143
CA,Canada,2014-01-01,1.90663590717861,1.03863897928326,31.7365758733408,32.6420862831515,1805749878439.94,2.87346677785811,7.023
CA,Canada,2015-01-01,1.12524136094277,3.6745334582912,31.8499609634443,34.3149411035338,1556508816217.14,0.649971001734855,6.945
CA,Canada,2016-01-01,1.42875954701085,1.96890522906262,31.5025724093362,33.8611121122194,1527994741907.43,1.03855092490855,7.038
CA,Canada,2017-01-01,1.59688412852977,0.125752246427379,31.4544101509781,33.6466506994867,1649265644244.09,3.03383491200222,6.426
CN,China,2000-01-01,0.347811226864587,3.67308868578273,20.681599363293,18.3293431142068,1223754919971.05,8.58643201808462,3.26
CN,China,2001-01-01,0.719125609120114,3.55921916796861,20.0776873829946,18.0049595688389,1355036590251.52,8.31263887091522,3.8
CN,China,2002-01-01,-0.731970902350244,4.6374989735253,22.3518233715808,19.8426189671605,1489821682050.54,9.24339326638321,4.24
CN,China,2003-01-01,1.12760348729637,2.59864630092319,26.6023738514511,24.4751062787292,1683903309843.85,10.1181928640117,4.58
CN,China,2004-01-01,3.82463743108159,-1.31805746144017,30.6097162464404,28.0306177944035,1984196551300.44,10.1314073631003,4.49
CN,China,2005-01-01,1.77641407667571,1.76511318953532,33.3687977498922,27.9912771909315,2317551298052.05,11.458238455067,4.52
CN,China,2006-01-01,1.6494309945586,2.01937450123308,35.5268468681701,28.0427329939926,2791498472804.33,12.6746751655235,4.43
CN,China,2007-01-01,4.81676767378834,-0.411124456133464,34.9066956194649,26.3597683811527,3604055822571.63,14.1499854947127,4.35
CN,China,2008-01-01,5.92525137041092,-2.36108572327859,32.092513602143,24.6186193981779,4667346414521.95,9.67024588602851,4.59
CN,China,2009-01-01,-0.728165250932898,5.39639019800592,24.3307718125403,20.0889926205716,5189577094997.58,9.40269972778044,4.72
CN,China,2010-01-01,3.17532475269199,-1.04598657931298,26.7227451502469,23.1313270836509,6192564874453.29,10.5962719761682,4.53
CN,China,2011-01-01,5.55389892257493,-1.34800592549109,26.1518828948759,23.7939443304884,7671757207851.29,9.4613358870736,4.55
CN,China,2012-01-01,2.61952432645541,3.51038465814056,25.07670432956,22.4035087488717,8673664713189.24,7.85617427055587,4.58
CN,China,2013-01-01,2.62105001748115,3.61884518177429,24.1633430905854,21.7526982889717,9743124247267.24,7.77872409446717,4.6
CN,China,2014-01-01,1.92164162788521,4.46024340812095,23.0719766947263,20.9964797865269,10674533168257.4,7.46190028229434,4.63
CN,China,2015-01-01,1.43702380935655,4.20696426973205,20.9390642234326,17.7581206128298,11280814787468.9,6.97878002657477,4.65
CN,China,2016-01-01,2.00000182191943,2.83073632160298,19.2036507365412,16.9735199564368,11456024084962.0,6.77555562837017,4.56
CN,China,2017-01-01,1.59313600071436,0.19585733630837,19.3356301657728,17.6152224500872,12537559062282.9,6.8912663621211,4.47
CN,China,2018-01-01,2.07479039965576,0.852537111572747,18.770519802938,18.1238645885338,14147765772963.8,6.75671800166833,4.31
CN,China,2019-01-01,2.89923416358227,2.99509285161556,18.0557069597496,17.1437133141341,14560167101283.4,6.06850235053705,4.56
CN,China,2020-01-01,2.41942189457782,3.79985989492251,18.2035821684822,15.8353686179759,14996414166715.1,2.34018843078414,5.0
CN,China,2021-01-01,0.981015135544882,-0.118557234530241,19.5262422245091,16.9944489517585,18201698719564.0,8.57008513166322,4.55
CN,China,2022-01-01,1.97357555739051,2.36988583421333,20.2977316914005,17.1429881849654,18316765021690.2,3.1341888719577,4.98
CN,China,2023-01-01,0.234836828893051,4.88038486696444,19.102471716101,17.0027206530128,18270356654533.2,5.41484330099675,4.67
CN,China,2024-01-01,0.218128938439177,5.09321925687914,20.0229166362049,17.1755035026016,18743803170827.2,4.9773565917572,4.59
CZ,Czechia,2000-01-01,3.77538829151734,5.30935765444498,47.8222277784723,49.6761678543151,62175642238.0847,4.010669619984,8.764
CZ,Czechia,2001-01-01,4.66267556988253,2.1554755727137,48.6218413983162,49.9150323317027,68135304463.9641,2.9172195289956,8.128
CZ,Czechia,2002-01-01,1.90298097019032,3.81700338630022,44.7797457982463,46.0995257474119,82607869609.574,1.51345949139996,7.28
CZ,Czechia,2003-01-01,0.118739205526791,4.4734983591456,46.5673230629568,48.0795370036041,100435924704.881,3.300836832613,7.777
CZ,Czechia,2004-01-01,2.76010781671157,1.89356535889596,56.8994781682745,56.2744978021405,120147899983.657,4.73633969683438,8.298
CZ,Czechia,2005-01-01,1.8570978910922,5.65220713144793,61.7588664473362,59.4324208687688,137264185596.1,6.37502886086791,7.927
CZ,Czechia,2006-01-01,2.53399258343635,4.87710352410919,64.8869825723489,62.164032482667,156236258386.589,6.62317299177447,7.141
CZ,Czechia,2007-01-01,2.85312437211175,2.15091681482256,66.150542351883,63.7261971530059,190040702286.917,5.48882595164517,5.316
CZ,Czechia,2008-01-01,6.35866380152373,4.1414575390881,63.0342206340259,60.870589295922,236506264753.95,2.61226807205139,4.392
CZ,Czechia,2009-01-01,1.01937735329232,3.25857708536232,58.4757844686548,54.5734703162206,206971882704.716,-4.79832416684926,6.662
CZ,Czechia,2010-01-01,1.47272727272722,6.404026181808,64.8915980155479,61.8648821012499,211168667286.27,2.71466509907701,7.281
CZ,Czechia,2011-01-01,1.9172191363555,5.95212889532356,70.2506376126123,66.5002179298254,231429378717.312,1.77238085338473,6.712
CZ,Czechia,2012-01-01,3.28762306610411,4.00947030915855,75.1048104767256,70.375384920209,210363223087.728,-0.770668190622743,6.979
CZ,Czechia,2013-01-01,1.4382978723404,3.65186851296449,75.5803954463061,69.9218351786551,213024360541.119,-0.0418124160447491,6.953
CZ,Czechia,2014-01-01,0.343988589646794,1.88711079614098,81.3510352122697,75.0640876146159,210911285077.683,2.24521219862635,6.108
CZ,Czechia,2015-01-01,0.309364548494975,3.01082711223738,80.0125671431762,74.0058338544563,189107698561.919,4.95875848915604,5.048
CZ,Czechia,2016-01-01,0.683504209385703,2.38051334351634,78.108333006403,70.4386716580323,198160659303.939,2.58087013921376,3.952
CZ,Czechia,2017-01-01,2.4505339846014,1.87456261929575,77.6844326231276,70.066402231634,221563575696.217,5.17356529967881,2.893
CZ,Czechia,2018-01-01,2.14949494949493,0.708328255014705,75.6097814865591,69.5319364042301,251992360762.236,2.83030588267866,2.246
CZ,Czechia,2019-01-01,2.8478759591805,-0.149541356517591,72.1248511386482,66.0297588552233,256794209028.77,3.56577658128261,2.015
CZ,Czechia,2020-01-01,3.16129528497801,-1.12128534113106,67.7609732344735,61.0194570714913,251109660602.536,-5.30487955463876,2.55
CZ,Czechia,2021-01-01,3.83984491500146,-0.800024636625989,70.550045142844,66.8280711600245,290972714482.313,4.02901832055149,2.803
CZ,Czechia,2022-01-01,15.1001651468371,-4.09132848148826,72.4094281428088,71.6020659665878,301831228325.556,2.8471706583814,2.224
CZ,Czechia,2023-01-01,10.6612601372426,-3.60514836252152,68.4031069284452,63.489491367431,345059295659.911,0.0475803308973752,2.579
CZ,Czechia,2024-01-01,2.43531202435314,0.776755770649954,68.8681514483249,62.6168296216274,347034062928.479,1.23308611983484,2.6
GB,United Kingdom,2000-01-01,1.18295624210408,4.94007778507734,25.5563430576261,26.7816781759642,1671597821152.97,4.52438074810904,5.558
GB,United Kingdom,2001-01-01,1.53234960272418,3.35276851534879,25.4493099773846,27.1849267562592,1656171009068.66,2.39102229602824,4.696
GB,United Kingdom,2002-01-01,1.52040245947455,1.87229360848,24.4315052325124,26.8046768666199,1790536570743.41,1.70902736258567,5.037
GB,United Kingdom,2003-01-01,1.37650038542013,1.28051509830497,23.9686749011091,26.0994438028613,2061227755102.04,3.21851612669614,4.807
GB,United Kingdom,2004-01-01,1.39039756680422,1.60543979164839,23.9845291728171,26.3040230027962,2429774807762.72,2.32601853325993,4.594
GB,United Kingdom,2005-01-01,2.0891364902507,1.73498971863596,25.2070017509366,27.3372722873845,2551361818181.82,2.7906547174688,4.884
GB,United Kingdom,2006-01-01,2.4556616643929,1.51610423583348,27.412859926391,29.2919192465902,2719558417663.29,2.18982132415704,5.472
GB,United Kingdom,2007-01-01,2.38656150773327,3.44659213990367,25.4079803883281,27.3413721081452,3104699879951.98,2.93091133582351,5.399
GB,United Kingdom,2008-01-01,3.52140856342539,1.32675740896323,27.3794373670982,29.0571127381622,2945251838235.29,-0.0494116727402769,5.748
GB,United Kingdom,2009-01-01,1.96173173560109,-1.33576903136853,26.7073659504747,27.9463641581244,2429358155475.93,-4.58740819226323,7.683
GB,United Kingdom,2010-01-01,2.49265472467065,-0.817511776035438,28.7463664387355,30.3048137840466,2496740681057.14,2.26054460931586,7.973
GB,United Kingdom,2011-01-01,3.8561124468282,-1.92821635664364,31.2649218986254,32.0591396722646,2675590034128.66,0.851437739020326,8.195
GB,United Kingdom,2012-01-01,2.5732347965453,-1.03179878401941,30.4995388300455,31.469331617208,2719715961539.83,1.52826034721852,8.279
GB,United Kingdom,2013-01-01,2.29166666666659,-1.62209771601829,30.2076160154538,31.5119235000045,2796908333283.39,1.71846961308464,7.752
GB,United Kingdom,2014-01-01,1.45112016293279,-1.0787978449774,28.5320090066163,30.2890138267133,3085362169410.29,3.16017351468152,6.398
HU,Hungary,2000-01-01,9.80361016908125,2.74050611292344,66.7818415655251,70.4804715279449,47275954428.9586,4.40937501806403,6.563
HU,Hungary,2001-01-01,9.11680911680911,0.980904285816766,64.7946703854209,66.109043850966,53800068065.7969,4.06202617226026,5.671
HU,Hungary,2002-01-01,5.26544821583985,1.9643457315442,58.0673383688733,60.2019968736818,67636468625.0428,4.73006530805553,5.608
HU,Hungary,2003-01-01,4.66101694915254,3.97739464988351,56.3436633595853,60.4434251812765,85190469121.074,3.93877761242727,5.79
HU,Hungary,2004-01-01,6.74434679569469,7.30604086882549,59.5641177697341,64.0515683344399,104015363080.271,4.96312536156307,5.832
HU,Hungary,2005-01-01,3.56151711378352,5.76699055471228,62.5215212771297,65.4832893704085,113098237570.929,4.30028318461673,7.189
HU,Hungary,2006-01-01,3.93032603841001,4.2510081795742,73.8064864785301,75.4250450899309,115604111412.139,3.93393162712054,7.494
HU,Hungary,2007-01-01,7.9587451654491,3.45799175068604,77.8221656386034,77.7792667294669,140123326896.329,0.332354337878925,7.406
HU,Hungary,2008-01-01,6.0425125388106,5.13519758378993,79.2039448630126,79.2492792526061,158228265915.534,0.993437085479655,7.817
HU,Hungary,2009-01-01,4.21171171171171,6.54730620118424,74.3529496218046,70.9529277083853,130807441076.16,-6.7401660845502,10.03
HU,Hungary,2010-01-01,4.85555795691956,4.93090529604046,81.2535035455015,76.5854565403946,131898737241.166,1.06795068152046,11.172
HU,Hungary,2011-01-01,3.9299209893507,6.27203112740386,86.1931503181868,80.5611968917104,141712804953.868,1.91670916599742,11.029
HU,Hungary,2012-01-01,5.65214517088646,5.95314070328022,86.0876097061215,80.088088903449,128470269689.958,-1.33948446518181,11.003
HU,Hungary,2013-01-01,1.73319984983101,3.37347129461547,85.3937852070622,79.0822395844044,135646053778.582,2.03216990678146,10.177
HU,Hungary,2014-01-01,-0.227566270988219,0.730458422702211,87.0271641102673,81.3311909761454,141128696412.321,4.33435364113967,7.725
HU,Hungary,2015-01-01,-0.0616446800641672,0.088835497631812,87.4348841373907,79.8558543571336,125244126623.289,3.65981615406955,6.813
HU,Hungary,2016-01-01,0.394769306686392,0.756515735394999,86.1114634598119,77.8604810403383,128983560865.293,2.43864141309342,5.115
HU,Hungary,2017-01-01,2.34824281150154,-2.45695485576676,85.7461533449483,79.2867024953192,143335098991.862,4.12418389451805,4.156
HU,Hungary,2018-01-01,2.85024792594646,-3.21846916941851,83.3967795001256,79.3040792777992,161184691013.835,5.60613813768876,3.667
HU,Hungary,2019-01-01,3.33858635382008,-2.82617637653362,81.065700696964,78.8598557678669,164936682033.992,5.07718495088933,3.411
HU,Hungary,2020-01-01,3.32674385766738,-4.19906671636885,78.0879317443048,76.4390711920722,158468487754.196,-4.33872540024058,4.248
HU,Hungary,2021-01-01,5.11096534382855,-3.01639195375672,79.4114343821378,79.7760929506963,183282685440.486,7.22291580811137,4.021
HU,Hungary,2022-01-01,14.6081439492433,-2.90648486197019,89.7719474858873,95.2282566068112,177002580544.155,4.15238057779229,3.583
HU,Hungary,2023-01-01,17.1249659678737,0.170265781021438,81.23463230178,77.1511151656892,213240316634.648,-0.817107370513455,4.096
HU,Hungary,2024-01-01,3.70370370370369,1.44506157114937,75.3908902777126,71.1136712281889,222722738925.641,0.560117843140432,4.5
ID,Indonesia,2000-01-01,3.68862037056682,-1.65421247091313,40.9773084738704,30.4595674435027,165021012077.81,4.9200677470169,6.077
ID,Indonesia,2001-01-01,11.5001160550887,3.71998595702973,39.0321390955111,30.7610684301127,160446947784.909,3.64346644721492,6.082
ID,Indonesia,2002-01-01,11.9001200338414,12.3224124961922,32.6876208878375,26.3918408785348,195660611165.183,4.49947539085764,6.604
ID,Indonesia,2003-01-01,6.75731256333564,10.8520711478648,30.4776547809661,23.1388389663355,234772463823.808,4.78036912167654,6.657
ID,Indonesia,2004-01-01,6.06406189133648,5.13441023123413,32.2166946182599,27.5446002184312,256836875295.452,5.03087394501685,7.303
ID,Indonesia,2005-01-01,10.4532001873347,-0.245735467014808,34.0672676279992,29.9206682408643,285868619196.085,5.69257130383384,7.945
ID,Indonesia,2006-01-01,13.108670985346,1.65815142163524,31.0347163143166,25.6224105005701,364570515618.357,5.50095178520348,7.551
ID,Indonesia,2007-01-01,6.40656087966005,2.33967409088073,29.4357184851264,25.3935314930811,432216737774.861,6.34502222667214,8.06
ID,Indonesia,2008-01-01,10.2266663272483,-3.85224502633455,29.8082841673732,28.7531154639229,510228634992.258,6.01370360009123,7.208
ID,Indonesia,2009-01-01,4.38641311792074,5.74795209578427,24.1591196686279,21.3530017000775,539580085612.401,4.62887118256153,6.106
ID,Indonesia,2010-01-01,5.13420639015885,-1.74609753559597,24.2990309366408,22.4022429392329,755094157621.936,6.22385418062366,5.614
ID,Indonesia,2011-01-01,5.35604849112582,4.59437674883754,26.3273530888836,23.8526600952268,892969104563.171,6.16978420771008,5.153
ID,Indonesia,2012-01-01,4.2795142691943,7.75018856489028,24.5943787881769,24.9885195110858,917869913332.649,6.03005065305615,4.468
ID,Indonesia,2013-01-01,6.41249457900391,6.37493124212137,23.9235763793605,24.7137962959288,912524136718.018,5.5572636889101,4.336
ID,Indonesia,2014-01-01,6.39492882396559,6.79211858069728,23.6659845969367,24.414190988586,890814755533.537,5.006668425755,4.049
ID,Indonesia,2015-01-01,6.36312061196646,8.34991063469474,21.1601792598059,20.7774609817235,860854232686.214,4.87632230022123,4.514
ID,Indonesia,2016-01-01,3.52580452815451,9.22443234413206,19.0889938536664,18.3323479486654,931877364037.698,5.03306918280177,4.301
ID,Indonesia,2017-01-01,3.80879857691949,6.50156399609036,20.1773044351106,19.17819263535,1015618744159.73,5.06978590134916,3.783
ID,Indonesia,2018-01-01,3.19834755924996,6.47124983937941,21.0027464972455,22.0715624579547,1042271532988.63,5.17429153955024,4.387
ID,Indonesia,2019-01-01,3.03058460941661,8.62940479031393,18.5915277970883,19.0362497386225,1119099871350.2,5.01928768046282,3.59
ID,Indonesia,2020-01-01,1.91983527270793,9.98592671987597,17.3311682848923,15.6410071153504,1059054842698.48,-2.06551182934165,4.255
ID,Indonesia,2021-01-01,1.56007882983334,2.7532239499583,21.4165556390653,18.7882026359018,1186509691086.73,3.70288562827751,3.827
ID,Indonesia,2022-01-01,4.20946463714784,-0.957376340510305,24.5029116862832,20.9617585096621,1319101183380.15,5.30719722664799,3.462
ID,Indonesia,2023-01-01,3.66938654859761,7.28506359409343,21.7538472039177,19.5824396668474,1371169301563.62,5.04902331835997,3.308
ID,Indonesia,2024-01-01,2.18151273615189,7.83418010229542,22.18331286866,20.389334433174,1396300098190.97,5.03034469419038,3.301
IN,India,2000-01-01,4.0094359104519,8.34261083140927,12.9972363113479,13.9036865990995,468395521654.458,3.84099115659129,7.589
IN,India,2001-01-01,3.77929312235637,8.59144929637163,12.5583796339108,13.4348751195257,485440139204.171,4.82396626555771,7.611
IN,India,2002-01-01,4.29715203929563,7.90717718897463,14.2643839243147,15.2442790107467,514939140318.756,3.80397532112175,7.681
IN,India,2003-01-01,3.80585899528851,7.30788116038414,14.9479138581734,15.6445222747346,607700687237.318,7.8603814759073,7.633
IN,India,2004-01-01,3.76725173477515,4.9101283033462,17.8591249630479,19.6446890963991,709152728830.775,7.92293661199932,7.598
IN,India,2005-01-01,4.24634362031922,4.85514517186609,19.6052466948335,22.3964229200356,820383763511.445,7.92343062148318,7.551
IN,India,2006-01-01,5.79652337561634,2.5706067017683,21.2679414221966,24.4565390770687,940259888787.721,8.06073257166651,7.553
IN,India,2007-01-01,6.37288135593231,5.68184406453711,20.7996997489032,24.8865689304448,1216736438834.96,7.6608150670107,7.562
IN,India,2008-01-01,8.34926704907581,3.77175624965394,24.0973572601391,29.2708631790835,1198895139005.92,3.08669805921981,7.629
IN,India,2009-01-01,10.8823529411764,4.80859210766597,20.4005193743564,25.8723502685274,1341888016994.9,7.86188883286074,7.636
IN,India,2010-01-01,11.9893899204244,-1.98385922139866,22.4009332487945,26.8542732486216,1675615519484.96,8.49758470221235,7.631
IN,India,2011-01-01,8.91179336483371,1.31798086194015,24.5404113195713,31.0834686939585,1823051829894.55,5.24131619937695,7.609
IN,India,2012-01-01,9.47899691419801,2.47352048880901,24.534430661418,31.2592910673332,1827637590410.41,5.45638755166587,7.645
IN,India,2013-01-01,10.0178784746102,3.86599286270871,25.430861300519,28.4132706461587,1856721507621.58,6.38610640094825,7.678
IN,India,2014-01-01,6.66565671867899,6.69517609043592,22.9679630081172,25.9542227389497,2039126479154.52,7.41022760508854,7.656
IN,India,2015-01-01,4.90697344127256,7.55648841353986,19.8131891564045,22.1097247094602,2103588360044.94,7.99625378571471,7.629
IN,India,2016-01-01,4.94821634062141,6.2327114148242,19.1582349105946,20.9242508026814,2294796885663.16,8.25630550179086,7.611
IN,India,2017-01-01,3.32817337461298,5.32760886237311,18.7917648392982,21.9507321152243,2651474262755.45,6.79538341897911,7.626
IN,India,2018-01-01,3.9388264669163,5.36166638954869,19.9278285988562,23.6891407335327,2702929641648.74,6.45385134497769,7.652
IN,India,2019-01-01,3.72950573539129,6.89487542729716,18.664264897257,21.2411386333872,2835606256558.19,3.87143694070356,6.51
IN,India,2020-01-01,6.62343677628535,4.13599957786408,18.6824769296756,19.0756283996012,2674851578587.27,-5.77772470686801,7.859
IN,India,2021-01-01,5.13140747176369,0.316945144211866,21.3991583305515,24.0239304534931,3167270623260.47,9.68959249192875,6.38
IN,India,2022-01-01,6.69903414079852,2.52131544946588,23.2515412045298,26.8237289453584,3346107287730.93,7.60936497768895,4.822
IT,Italy,2000-01-01,2.53768532095002,5.17582390639849,25.5611956255751,24.7135355199888,1149661363439.38,3.88209885062652,10.834
IT,Italy,2001-01-01,2.78516542713554,4.09820217486432,25.5610801918444,24.3021921285051,1172041488805.87,2.00643329837733,9.599
IT,Italy,2002-01-01,2.46532319171165,3.12811622868189,24.3126948188163,23.5586238603378,1281746271196.04,0.26992966378873,9.211
IT,Italy,2003-01-01,2.6725555277285,2.58132814975126,23.2240496903642,22.7700362873432,1582930016538.82,0.0665538088732092,8.869
IT,Italy,2004-01-01,2.20673661423657,2.80270189389167,23.9268409466402,23.3395514425368,1812808753294.75,1.4740217064723,7.866
IT,Italy,2005-01-01,1.9852929852798,3.16379060277756,24.5118533579183,24.6103208709435,1864982261286.85,0.762410677306491,7.73
IT,Italy,2006-01-01,2.09084391012754,3.33205306061278,26.0530628243151,26.8704801353861,1958563654385.64,1.79947992234244,6.777
IT,Italy,2007-01-01,1.82974112202403,3.77483941993744,27.2450545395013,27.5829870177519,2222524108127.65,1.46229205289291,6.076
IT,Italy,2008-01-01,3.34783258401022,4.32862903554889,26.7427615964483,27.4714932992188,2417508414187.19,-1.02313851177097,6.723
IT,Italy,2009-01-01,0.774768131387381,2.93215777941709,22.2771595955525,22.8643169766079,2209484319012.65,-5.30515401233991,7.749
IT,Italy,2010-01-01,1.52551602118248,3.41342018267074,24.9186514223879,26.743460391446,2144936254535.0,1.52910573247101,8.363
IT,Italy,2011-01-01,2.78063272879323,2.82160353555801,26.5629866543354,27.9092282905933,2306974020278.21,0.695463154440176,8.359
IT,Italy,2012-01-01,3.04136333226775,3.46119744979934,27.9851870768453,26.8993081933752,2097929495121.68,-3.12523877282996,10.655
IT,Italy,2013-01-01,1.21999342274306,3.97364793630999,28.177442406394,25.8567422253559,2153225581941.46,-1.81802510749792,12.149
IT,Italy,2014-01-01,0.241047429826756,3.92865782875133,28.6224027363532,25.83212719685,2173255507985.84,-0.00138761730454462,12.683
IT,Italy,2015-01-01,0.0387903996579733,3.3204815735536,29.144111052532,26.2915747622901,1845428048839.1,0.885667635240807,11.896
IT,Italy,2016-01-01,-0.09401665691575,2.22028189161629,28.7987488919157,25.6333978099156,1887111188176.93,1.23622108511661,11.688
IT,Italy,2017-01-01,1.22653316645812,2.27486413860821,30.1398859152774,27.4431081122137,1970720904584.71,1.60369995294101,11.211
IT,Italy,2018-01-01,1.13748763600391,1.5923708555414,30.8135072735991,28.4614762392164,2099435266458.67,0.826646712344115,10.538
IT,Italy,2019-01-01,0.611246943765304,1.53937572556579,30.9498739181942,27.7443163412796,2019606796583.53,0.429162533780342,9.884
IT,Italy,2020-01-01,-0.13770757391651,0.739269290959428,28.7258551870199,25.2136287172564,1907481094079.23,-8.86822122185345,9.192
IT,Italy,2021-01-01,1.87378325762481,0.733185661773557,31.1716088630092,29.1303687572707,2179207773596.09,8.93106210800055,9.497
IT,Italy,2022-01-01,8.20128991161718,-1.15112854557422,35.0991400412578,36.9173622620119,2104067630319.46,4.82117669913565,8.069
IT,Italy,2023-01-01,5.62219442195901,-1.22864122337094,33.3315893476608,31.7755885286565,2316727999333.18,0.975694840127005,7.627
IT,Italy,2024-01-01,0.982373023061417,3.23429287161478,32.505041554007,30.3187269579455,2380825077243.59,0.692676948440536,6.5
JP,Japan,2000-01-01,-0.676578683595175,3.44952133346022,10.4634942027505,9.09887738115494,4968359075956.59,2.76464755136783,4.748
JP,Japan,2001-01-01,-0.740055504162738,3.08779538469562,10.0767999632844,9.48280450872269,4374711694090.87,0.386103426142029,5.02
JP,Japan,2002-01-01,-0.923494026942321,3.30182293291163,10.8554456072287,9.5916764589296,4182846045873.61,0.0419624992862282,5.386
JP,Japan,2003-01-01,-0.256541816316025,3.48582884053981,11.4658015766594,9.86032369115249,4519561645253.53,1.53512549946694,5.251
JP,Japan,2004-01-01,-0.00857338820310272,2.92424060897809,12.7862646247862,10.8780887981112,4893116005656.56,2.18611569439318,4.734
JP,Japan,2005-01-01,-0.282946068764391,2.90562805988202,13.8158957221159,12.4140588557406,4831467035389.8,1.80390087215821,4.446
JP,Japan,2006-01-01,0.249355116079085,2.54882304588838,15.6573740466117,14.3590020520575,4601663122649.92,1.3723501275831,4.192
JP,Japan,2007-01-01,0.060039454498669,2.60687838906944,17.2891273707229,15.5274506811561,4579750920354.81,1.48396941157472,3.888
JP,Japan,2008-01-01,1.3800788616492,2.84698138603537,17.2355433764071,16.8939331648175,5106679115127.3,-1.22428900061713,4.002
JP,Japan,2009-01-01,-1.35283672951719,2.3060326107459,12.41956574798,11.9706007858756,5289493117993.89,-5.69323635892741,5.068
JP,Japan,2010-01-01,-0.728243207517779,3.54576191518365,14.9185034496428,13.5799692441961,5759071769013.11,4.09791791943181,5.102
JP,Japan,2011-01-01,-0.27245561610124,3.17448968703911,14.7744622613499,15.4204984672798,6233147172341.35,0.0238095237995424,4.55
JP,Japan,2012-01-01,-0.0440645104432602,2.18007652802857,14.4147746129824,16.0561363041928,6272362996105.03,1.37475099905274,4.358
JP,Japan,2013-01-01,0.335037912184741,1.66402193299863,15.7841567318773,18.1946119190738,5212328181166.18,2.00510017681211,4.038
JP,Japan,2014-01-01,2.75922671353253,-0.459381591769696,17.4186553484795,20.0127792201784,4896994405353.29,0.296205514141889,3.589
JP,Japan,2015-01-01,0.795279630579839,-0.9484412297477,17.4367598376529,17.990648516827,4444930651964.18,1.56062669680782,3.385
JP,Japan,2016-01-01,-0.127258844489754,0.622192760322802,16.0579692360598,15.2522776095286,5003677627544.24,0.753826745789127,3.132
JP,Japan,2017-01-01,0.484199796126385,1.06914440735818,17.5914391047836,16.831774467385,4930837369151.42,1.67533175173359,2.822
KR,"Korea, Rep.",2000-01-01,2.25916580080157,7.54111863718284,32.8643016483147,31.1945139245909,597487173479.109,9.2018583880479,4.063
KR,"Korea, Rep.",2001-01-01,4.06657587897792,4.02519600370862,30.8628730280238,29.5648656361455,567564806235.441,4.72593560322356,3.699
KR,"Korea, Rep.",2002-01-01,2.76226210296599,3.64966247633618,28.869081069037,27.7997957269903,650014391470.21,7.74399895319569,3.046
KR,"Korea, Rep.",2003-01-01,3.51487451459939,2.57995467101811,30.4447497818826,28.9795447722905,728516494684.269,3.07472661826947,3.348
KR,"Korea, Rep.",2004-01-01,3.59066298882578,2.55986121207348,35.6099304973786,32.317133377729,823251107638.814,5.1836368597334,3.42
KR,"Korea, Rep.",2005-01-01,2.75379162735039,4.405270110828,34.1271966602876,32.0423181639821,971740329983.878,4.35823667337156,3.482
KR,"Korea, Rep.",2006-01-01,2.24234028518921,6.16075413094103,34.4457182771661,33.9292326630601,1095175538508.19,5.24500550580342,3.254
KR,"Korea, Rep.",2007-01-01,2.53457382137932,3.94166015864541,36.0414909532161,35.2824705455852,1220911904593.06,5.8419633918717,3.013
KR,"Korea, Rep.",2008-01-01,4.67389655533408,4.10863165815276,45.8471508377288,46.2362036584532,1091580692542.34,3.00440451679569,2.959
KR,"Korea, Rep.",2009-01-01,2.7564965449393,2.07481127238993,43.5106195264818,39.6139903792344,983065242417.36,0.81986175641795,3.363
KR,"Korea, Rep.",2010-01-01,2.93928652655686,2.71883334374472,45.2718606886955,42.7560070236169,1192830015737.68,6.98166138853071,3.324
KR,"Korea, Rep.",2011-01-01,4.0259650043609,4.42580144247274,51.2813207677942,50.3992956943359,1307103477219.1,3.6880320602952,2.992
KR,"Korea, Rep.",2012-01-01,2.18707104433314,4.05140294190714,52.0235312085188,49.4937408705314,1335343586437.67,2.54766550568242,2.812
KR,"Korea, Rep.",2013-01-01,1.30134754547413,3.52829393471496,49.2338591040691,44.9336644815181,1434669686501.84,3.2913959543442,3.067
KR,"Korea, Rep.",2014-01-01,1.27477446401322,3.17863075274962,45.7876203673052,41.1466374298986,1556252422020.44,3.21468019683108,3.082
KR,"Korea, Rep.",2015-01-01,0.70633177245575,0.295335527644414,40.9681314540182,34.4200460024725,1539212301135.55,2.92029267301234,3.546
KR,"Korea, Rep.",2016-01-01,0.971685739912168,1.27867160404439,38.1129875583911,31.7867345733008,1579150518945.44,3.17152748983935,3.65
KR,"Korea, Rep.",2017-01-01,1.94433230786366,1.42899755923416,38.8488899920532,34.3432508343484,1710196756713.17,3.433191763972,3.653
KR,"Korea, Rep.",2018-01-01,1.47583935002645,3.07847583379285,39.4523497931837,35.2551664208987,1824251454306.83,3.17611568177327,3.824
KR,"Korea, Rep.",2019-01-01,0.383000303608136,4.09560933285802,37.0413266370488,34.4057366033023,1751045752054.63,2.31380210595475,3.746
KR,"Korea, Rep.",2020-01-01,0.537288023411737,1.19550220518032,34.6152001987888,30.9297576618322,1744070276373.34,-0.700242317542106,3.931
KR,"Korea, Rep.",2021-01-01,2.49833333333339,-0.287216232726005,39.3388192669479,35.9674854941434,1942313560965.9,4.61296795454287,3.639
KR,"Korea, Rep.",2022-01-01,5.08951365062842,2.44052857732634,45.294860984133,45.2902865437219,1799363116866.52,2.72756456708991,2.857
KR,"Korea, Rep.",2023-01-01,3.5974562502901,3.08772627466291,41.3214807367697,40.9365283348931,1844800934391.54,1.58301467403629,2.675
KR,"Korea, Rep.",2024-01-01,2.32174328643542,0.634469260614764,44.3582383593234,40.2842567598803,1875388209406.8,2.00361101838986,2.784
MX,Mexico,2000-01-01,9.49156149435403,5.62825957284794,24.2311734681303,25.6792357191195,742061329749.127,5.02928399378261,2.646
MX,Mexico,2001-01-01,6.36773806235037,5.9376464525908,21.5412102050357,23.1988988072816,796064590549.136,-0.450845253215945,2.627
MX,Mexico,2002-01-01,5.03072733151295,2.56725076182638,21.8517619236376,23.3580673360145,810666116401.915,-0.236588001922641,3.003
MX,Mexico,2003-01-01,4.54690012118718,2.63026612664734,23.6555935090553,25.0448233717828,765549967703.273,1.18554486709559,3.455
MX,Mexico,2004-01-01,4.68840884843143,-0.628122362579351,25.1033560080055,26.9372640255577,819459227375.022,3.56544100946846,3.937
MX,Mexico,2005-01-01,3.98805714597437,3.59826026000135,25.4870738285114,27.0755708232772,917571853529.104,2.11324712586392,3.558
MX,Mexico,2006-01-01,3.62946762439132,1.3238319710294,26.5547481705759,27.927367918041,1020265057882.01,4.80501352746852,3.566
MX,Mexico,2007-01-01,3.96684905458235,1.35029773940963,26.7810613279257,28.4774630665241,1102355554971.95,2.07786393438754,3.628
MX,Mexico,2008-01-01,5.12498274575896,2.25320067552938,27.0200612345202,29.3452206517371,1161553459715.1,0.943331863036903,3.874
MX,Mexico,2009-01-01,5.29735584228856,1.73076519097887,26.5132697232887,28.0784724080616,943437415024.633,-6.29525055780502,5.356
MX,Mexico,2010-01-01,4.15672722680174,0.869831510540787,29.0174601154993,30.2559244138859,1105424238731.09,4.9713345832195,5.303
MX,Mexico,2011-01-01,3.40737824605742,-0.718087414556668,30.4429662274867,31.7194210489631,1229013703416.76,3.44404505794418,5.175
MX,Mexico,2012-01-01,4.11150981070289,0.13259561761418,31.539450391413,32.7184814985984,1255110424817.79,3.55321075993527,4.892
MX,Mexico,2013-01-01,3.80639069747204,2.52394547437684,30.755800584349,31.9358741892317,1327436290282.67,0.852101559410627,4.921
MX,Mexico,2014-01-01,4.01861608078679,-0.782518932664157,31.462992199988,32.6354168351336,1364507717614.13,2.50376350288664,4.819
MX,Mexico,2015-01-01,2.72064064964023,0.207059192646062,34.1627726873238,36.2502019889402,1213294467716.88,2.70232342550646,4.311
MX,Mexico,2016-01-01,2.8217078474766,-1.24759733279354,36.8156772514808,38.8746261573743,1112233497452.7,1.77249323845399,3.853
MX,Mexico,2017-01-01,6.04145724018986,0.717765161995541,37.5140886198874,39.438037420838,1190721475906.0,1.87172853327193,3.419
MX,Mexico,2018-01-01,4.89935015356551,2.69522693587484,39.0439304419331,41.1687312149645,1256300182879.73,1.97208209405635,3.275
MX,Mexico,2019-01-01,3.63596142127046,3.93998795588135,38.5296507920009,38.9323214651119,1304106203902.45,-0.392690505066824,3.477
MX,Mexico,2020-01-01,3.39683415570006,1.64584208356017,39.2353720904115,37.6191836151901,1121064767308.42,-8.35403458167995,4.44
MX,Mexico,2021-01-01,5.68920847683753,0.386354456627097,40.5691932010194,42.5001044347701,1316569466685.95,6.0484834621255,4.019
MX,Mexico,2022-01-01,7.8962761916855,1.41798509602471,42.9322902133702,45.8661953733484,1466934724293.06,3.70975709163623,3.256
MX,Mexico,2023-01-01,5.52796087314389,6.62929489524065,36.0693951643755,37.509466472149,1798317581486.88,3.35354140652768,2.765
MX,Mexico,2024-01-01,4.72225588452932,6.02283547069742,36.7033688165177,37.8855391659966,1856365616165.94,1.42742769080466,2.678
MY,Malaysia,2000-01-01,1.53474023697699,-1.08573897723978,119.809708726968,100.597080255106,93789736842.1053,8.85886816969386,3.0
MY,Malaysia,2001-01-01,1.41678473206098,8.84851289556281,110.402491356547,92.9621446541059,92783947368.4211,0.517675319192861,3.53
MY,Malaysia,2002-01-01,1.80787246281536,3.29631237075615,108.305302795051,91.0509299006036,100845526315.789,5.39098830692797,3.48
MY,Malaysia,2003-01-01,1.08967632577286,2.90603239825626,106.943446148115,87.2516829087158,110202368421.053,5.7884992858875,3.61
MY,Malaysia,2004-01-01,1.42127115937402,0.0344787905461832,115.373337721075,95.0009281760497,124749473684.211,6.78343772370305,3.54
MY,Malaysia,2005-01-01,2.97507092684449,-2.67317410418221,112.898976779781,90.9556678158424,143534405818.501,5.33213916141486,3.53
MY,Malaysia,2006-01-01,3.60923564224389,2.40900097691566,112.18548084399,90.3916659964074,162692258307.056,5.5848470671515,3.32
MY,Malaysia,2007-01-01,2.02735317779569,1.45673534665713,106.168274866985,86.2972314906664,193549569477.733,6.29878592740947,3.31
MY,Malaysia,2008-01-01,5.44078221100769,-3.90338193758431,99.4995772447266,77.1687475404215,230811614370.384,4.83176988913097,3.34
MY,Malaysia,2009-01-01,0.583308405623702,11.7823929563059,91.4167918670926,71.1421785856069,202257453036.641,-1.51352871598714,3.62
MY,Malaysia,2010-01-01,1.62285235577035,-2.11327732642702,86.9302950693543,71.0144698174169,255017638455.59,7.42484738326097,3.32
MY,Malaysia,2011-01-01,3.1744709215131,-0.471868633960644,85.2554421085998,69.6822424986263,297951668674.835,5.29391283414003,3.05
MY,Malaysia,2012-01-01,1.66357102479206,3.7484193736755,79.2999139255312,68.5418408404822,314443047642.111,5.47345419253853,3.04
MY,Malaysia,2013-01-01,2.10501231233612,4.46753081745693,75.6290410302627,67.0919504346102,323276235524.415,4.69372252557893,3.14
MY,Malaysia,2014-01-01,3.14299050879095,2.06851821643173,73.7934986257765,64.5187325510668,338066095097.254,6.00672194558203,2.88
MY,Malaysia,2015-01-01,2.10438980238359,3.30703770408129,69.4486908970754,61.9213815481844,301355266964.947,5.09153242155011,3.1
MY,Malaysia,2016-01-01,2.09056659525742,2.82594518260627,66.7754454542508,60.1235645714491,301256033870.334,4.44978139761541,3.44
MY,Malaysia,2017-01-01,3.87120115774237,0.798926040327275,70.011742508597,63.1434308633591,319109094160.343,5.81272240983328,3.41
MY,Malaysia,2018-01-01,0.884709160571235,4.27704807389124,68.554971419686,61.8476540824403,358788845712.53,4.84308697634881,3.3
MY,Malaysia,2019-01-01,0.662891865764326,4.80161718618398,65.2777668428576,57.7507951850853,365177721021.516,4.41318742129586,3.33
MY,Malaysia,2020-01-01,-1.1387021539305,4.80149199718223,61.5779359054349,55.2102465322035,337456163961.211,-5.45684658426701,4.54
MY,Malaysia,2021-01-01,2.47710241465447,-2.11195861208843,70.6330555493337,63.4029391413929,373784553029.978,3.31534954399166,4.64
MY,Malaysia,2022-01-01,3.37869862549928,-2.2468071304743,76.8077974825844,69.6168072713231,407830525989.553,9.03173723044451,3.93
MY,Malaysia,2023-01-01,2.48886560125754,7.30135969525268,68.6789535653168,63.9145080762826,399949418752.657,3.5370638041057,3.858
MY,Malaysia,2024-01-01,1.834100204499,4.45730372233753,71.3410849829908,66.0214861785682,422227005428.688,5.10545921024041,3.846
PH,Philippines,2000-01-01,3.9771250324928,4.8104932596846,43.3442192240219,41.809149235982,83669788376.9213,4.38250500083399,3.77
PH,Philippines,2001-01-01,5.34550195567142,6.42188422219396,41.1555015074547,43.7448871162984,78921234457.5487,3.04923134463486,3.698
PH,Philippines,2002-01-01,2.72277227722765,4.70819992469216,40.0056799440289,43.83912414975,84307345887.543,3.71625500158383,3.616
PH,Philippines,2003-01-01,2.28915662650607,6.08528504670799,42.3050183712712,45.2696259923924,87039092974.2272,5.08691113513073,3.527
PH,Philippines,2004-01-01,4.82921083627795,3.95524739260692,41.8268409907999,45.2984438324049,95001999685.3314,6.56922851180626,3.554
PH,Philippines,2005-01-01,6.51685393258433,4.03548972128816,41.2300392158954,42.6156353549097,107419977318.166,4.94250511877678,3.795
PH,Philippines,2006-01-01,5.4852320675105,4.4401194500866,41.2454593705084,39.6050793023691,127652926368.069,5.31641682136939,4.052
PH,Philippines,2007-01-01,2.90000000000003,5.35759701816081,38.0141863378076,35.6307936542553,155980408673.403,6.51929155018938,3.434
PH,Philippines,2008-01-01,8.26044703595725,1.46657832194706,33.3568332437392,34.3242375293009,181624626327.361,4.34448730509183,3.72
PH,Philippines,2009-01-01,4.21903052064628,5.67257824063166,30.2195255995892,30.6670651873867,175974755881.372,1.44832306275669,3.858
PH,Philippines,2010-01-01,3.78983634797591,3.16350898272397,32.8748297195678,33.2294487942119,208368893151.144,7.33449996034538,3.605
PH,Philippines,2011-01-01,4.7184170471842,2.64095050382798,29.1054288781405,31.690407821767,234216730291.32,3.85823282795663,3.592
PH,Philippines,2012-01-01,3.02696391124796,3.61326895733707,27.4670738577233,30.3749316555848,261920540962.63,6.89695171050985,3.504
PH,Philippines,2013-01-01,2.58268766141795,3.63093412149458,26.1774198090007,29.6473614230291,283902828588.718,6.75053130142255,3.497
PH,Philippines,2014-01-01,3.59782343864211,2.39960024337773,27.3545041909285,30.113667896666,297483555338.044,6.34798748260867,3.6
PH,Philippines,2015-01-01,0.674192536845408,6.34358648995616,27.2080572390451,31.9335348662643,306445871242.322,6.34830971672761,3.068
PH,Philippines,2016-01-01,1.25369880080982,4.30655097833463,26.6730033435157,35.1030624218713,318627003016.731,7.14945675000752,2.695
PH,Philippines,2017-01-01,2.85318772590947,3.2319992694047,29.5522908546692,38.6160788880035,328480736802.76,6.9309883258402,2.552
PH,Philippines,2018-01-01,5.30934661627707,2.29210640379307,30.2136053733275,41.9497929256998,346841896587.313,6.34148557153473,2.338
PH,Philippines,2019-01-01,2.39206534422404,6.35446159033897,28.3829200126393,40.4589222469285,376823402239.136,6.11852566221303,2.237
RO,Romania,2000-01-01,45.6665940440238,7.45156589527913,21.58888431382,26.9324410712586,37253739511.1273,2.4612634592269,6.969
RO,Romania,2001-01-01,34.4770123493527,5.39568237207382,22.105963469215,29.8226275519331,40395116581.4832,5.21813625673708,6.561
RO,Romania,2002-01-01,22.5398862605386,10.357989375454,24.0130293587441,29.6972184551935,46065502702.5817,5.70299165043771,8.112
RO,Romania,2003-01-01,15.2734889936255,1.85276834167124,24.2127350487918,31.9667919982326,57806384143.166,2.34114732919521,6.95
RO,Romania,2004-01-01,11.8743635936399,8.79629617167316,25.743936265036,34.8825424019048,74973656851.8076,10.4281130180976,7.719
RO,Romania,2005-01-01,9.01491283343835,6.77979401796874,24.5352206061523,34.8253288429032,98454380120.0761,4.6681480508487,7.174
RO,Romania,2006-01-01,6.55851412276983,3.05143448896313,24.7712264990404,36.9123994274755,122023735992.706,8.02881107599163,7.27
RO,Romania,2007-01-01,4.83732928313989,-2.13087077084908,24.710829049515,38.7943276239508,174588782938.583,7.23380774362805,6.413
RO,Romania,2008-01-01,7.85080255714482,-0.884850923821786,26.155499661561,39.0197013363802,214315932061.275,9.30746717077338,5.787
RO,Romania,2009-01-01,5.58742004264393,12.6652151658549,26.022377022811,32.4476813438419,174110532658.867,-5.51670615843011,6.859
RO,Romania,2010-01-01,6.09141668601891,7.68453304401845,31.6415933092484,38.3133421840234,170064350671.827,-3.90581157302972,6.959
RO,Romania,2011-01-01,5.7892532881588,7.83299754096995,35.2366088533551,41.0347475882739,192623977894.173,4.49558909946313,7.177
RO,Romania,2012-01-01,3.33492267693442,7.24295337975641,35.708362986259,40.8859610051082,179117323107.087,1.90361696799603,6.794
RO,Romania,2013-01-01,3.9847123554813,9.00236757143017,40.2453636124718,41.1522495622465,189798603751.235,0.278771877470234,7.096
RO,Romania,2014-01-01,1.06830987684298,6.63787782811327,41.4767119396626,41.8984310178575,199722319675.741,4.11600109267832,6.802
RO,Romania,2015-01-01,-0.594156437495203,3.39222469611366,41.3491935848306,42.1713831168849,177885131240.315,3.1570360543854,6.812
RO,Romania,2016-01-01,-1.54479666813897,3.01037862400641,42.4163351743737,43.4761931163147,185290759248.844,2.85993252302089,5.901
RO,Romania,2017-01-01,1.3390212110439,0.872621780869853,42.334274206143,44.8217903606371,210147385855.419,8.19547826641261,4.927
RO,Romania,2018-01-01,4.62548443137779,0.589692861347932,41.7841912043995,45.3069789051814,241791427223.903,5.39452228185675,4.187
RO,Romania,2019-01-01,3.82785432599438,0.18190593749111,40.3352034270657,44.5711596314136,250080428511.595,3.96028958497598,3.912
RO,Romania,2020-01-01,2.63107311184743,2.28548778370506,36.9711409958175,41.3905053604534,250625048303.578,-3.59802546034757,5.035
RO,Romania,2021-01-01,5.05232876096582,0.00921688871478966,40.6943872735548,46.3768092724597,285071280114.469,5.58735072538869,5.59
RO,Romania,2022-01-01,13.7954887432521,-3.83233566095464,43.5131053942163,50.4365455441284,295319437556.988,4.18771305104109,5.614
RO,Romania,2023-01-01,10.3971874764996,-2.69806519586844,39.2445975462886,44.1307348599346,347757995758.914,2.25773416555121,5.589
RO,Romania,2024-01-01,5.72140574354439,-0.750528102539907,35.6030266999465,41.6119570939538,382564217988.866,0.916003764382594,5.4
RU,Russian Federation,2000-01-01,20.7987606558704,-9.63311144269678,44.0604413055146,24.0334657318409,259710142196.943,10.0000668136515,10.581
RU,Russian Federation,2001-01-01,21.4770072117159,1.22657850722426,36.8934935960337,24.2173650683869,306602070620.5,5.10005122572568,8.978
RU,Russian Federation,2002-01-01,15.7887307914463,0.0329353853463892,35.2125940630626,24.432851668898,345470494417.863,4.69999190914258,7.875
RU,Russian Federation,2003-01-01,13.6632930228666,-0.60017068040332,35.2499817757806,23.8782872318208,430347420184.885,7.29995234528189,8.21
RU,Russian Federation,2004-01-01,10.8886157326216,-7.32898586198476,34.4178910554597,22.1639613429458,591016690732.385,7.19994786954857,7.763
RU,Russian Federation,2005-01-01,12.6853039507349,-7.20668991062193,35.2030659651181,21.5101825254241,764015973481.11,6.39996544799469,7.124
RU,Russian Federation,2006-01-01,9.66865454789265,-4.07869184018714,33.7304754439762,21.0029264232898,989932071352.543,8.20006825456321,7.055
RU,Russian Federation,2007-01-01,9.00729868861079,-3.34492661176019,30.164060484537,21.5420622609236,1299703478481.65,8.49997776916511,6.002
RU,Russian Federation,2008-01-01,14.1107677840442,-4.90496208972303,31.3095603335689,22.072905707322,1660848058303.11,5.19996926404957,6.205
RU,Russian Federation,2009-01-01,11.6473295764118,13.079965285875,27.9381012041521,20.496959823666,1222645900055.7,-7.79999391271275,8.301
RU,Russian Federation,2010-01-01,6.84939230255025,-2.95508373190848,29.2155607849758,21.1399447022831,1524916715223.95,4.49999999920672,7.407
RU,Russian Federation,2011-01-01,8.4404648593257,-12.8569352915768,28.0553614798549,19.9800379279369,2045922753398.04,4.30002918567749,6.571
RU,Russian Federation,2012-01-01,5.07474300799149,0.176416618842598,26.9073203393663,20.2440700464294,2208293553878.42,4.02408615746921,5.484
RU,Russian Federation,2013-01-01,6.75466833903486,3.93707019254129,25.845336826255,20.441812574244,2292470078346.22,1.75542214874298,5.513
RU,Russian Federation,2014-01-01,7.82016970013845,3.39714683575481,27.1110970517525,20.6902442110591,2059241589895.01,0.736267221765672,5.212
RU,Russian Federation,2015-01-01,15.5343959935701,7.89459357479114,28.703389442924,20.6559598687647,1363482182197.71,-1.97271922580408,5.615
RU,Russian Federation,2016-01-01,7.04243725413707,9.48435447263491,25.8544829769167,20.6636368626929,1276786350881.14,0.193690071260534,5.591
RU,Russian Federation,2017-01-01,3.68333072334495,4.94560423099718,26.0908809797568,20.7856433573743,1574199360089.0,1.82579006401834,5.238
RU,Russian Federation,2018-01-01,2.87831382614981,-1.02848259453331,30.7932568020743,20.7876435683221,1657328773461.31,2.80724541059601,4.871
RU,Russian Federation,2019-01-01,4.47202631837903,5.31670923072754,28.4334306799759,20.7953229819275,1693115002708.32,2.19807571335009,4.513
RU,Russian Federation,2020-01-01,3.38219796948068,5.8252621205664,25.5221855113549,20.4447226915578,1493075894362.14,-2.65365450102773,5.62
RU,Russian Federation,2021-01-01,6.69445891957612,-9.3292456683571,30.0024195364041,20.5837759257711,1829186719575.1,5.86649177292595,4.749
RU,Russian Federation,2022-01-01,13.7436797398232,-5.69068856297008,27.7203033526803,15.0624830768008,2291612121334.64,-1.43588213859842,3.867
RU,Russian Federation,2023-01-01,5.86571931748967,3.35553421597221,22.4927119538767,18.3416144566506,2071505725030.58,4.08252481259281,3.076
SG,Singapore,2000-01-01,1.36162392448456,1.89658180389967,188.350890284751,176.013630183467,96076539925.7409,9.03831632555163,3.7
SG,Singapore,2001-01-01,0.997197956155943,7.60067410678851,182.894180709771,166.397924985207,89793790669.6515,-1.07086275100448,3.76
SG,Singapore,2002-01-01,-0.391676866585049,6.29924790489969,184.086118066532,165.659895919145,92538372869.6942,3.92336076702013,5.65
SG,Singapore,2003-01-01,0.507905300237551,7.23589278336476,202.586206389804,174.632357911778,97646401095.6369,4.54825542643229,5.93
SG,Singapore,2004-01-01,1.66272719863072,1.28941695213109,213.951695442646,187.572017095863,115033593101.049,9.93998268434957,5.84
SG,Singapore,2005-01-01,0.425106276569107,3.33607855433956,225.159667736916,195.270845183643,127807848728.398,7.36632239250758,5.59
SG,Singapore,2006-01-01,0.965657519018511,3.40551309237873,228.037617061062,197.325782481957,148627286361.351,9.00676607871758,4.48
SG,Singapore,2007-01-01,2.10980166714574,-0.554042740231563,212.779393731371,181.509078187707,180941701357.97,9.02151951268893,3.9
SG,Singapore,2008-01-01,6.63544058395309,6.85627872280123,228.993770935119,208.332943955938,193617323539.203,1.86348345462035,3.96
SG,Singapore,2009-01-01,0.589142019610516,2.35646709404947,190.844935011128,167.347876817714,194150283771.566,0.127953382778088,5.86
SG,Singapore,2010-01-01,2.82884527612958,4.22538213508497,197.998960793027,171.686594994619,239807980591.24,14.5197497108994,4.12
SG,Singapore,2011-01-01,5.25115624639373,4.16049084438408,203.327708649538,175.770922728001,279356499090.458,6.21493416858989,3.89
SG,Singapore,2012-01-01,4.58084479423094,4.86057756338297,196.719612875759,172.493352911906,295092888076.589,4.43549759378537,3.72
SG,Singapore,2013-01-01,2.36439793742726,5.83621695317835,195.077796338143,171.963983710876,307576360584.992,4.81763099120676,3.86
SG,Singapore,2014-01-01,1.03316955857629,5.63232355514565,191.953535787505,168.513783378732,314863580758.455,3.93554027709007,3.74
SG,Singapore,2015-01-01,-0.521975611895763,2.21015017142368,178.384608499682,151.08679044058,307998545269.398,2.97679931634806,3.79
SG,Singapore,2016-01-01,-0.529809760375464,4.80290826919814,164.550664245506,138.288991801068,319646468521.497,3.74757848792792,4.08
SG,Singapore,2017-01-01,0.576763191179996,2.34944261174831,171.741625509838,145.05278377773,343673334902.33,4.47689915845876,4.2
SG,Singapore,2018-01-01,0.438784215129623,1.66275740936794,178.198251436118,148.398335850632,377123710560.614,3.4519759658687,3.613
SG,Singapore,2019-01-01,0.567829988405447,5.69911419011287,176.891299992751,147.50368512255,376161998830.048,1.30804118153127,3.1
SG,Singapore,2020-01-01,-0.172111865925382,7.83027325670722,181.782024531778,150.258780950135,349165858544.568,-3.81470885510713,4.1
SG,Singapore,2021-01-01,2.31610315765146,-5.11973682102115,182.710806574886,146.450577108876,436591382250.464,9.7568044629903,4.64
TH,Thailand,2000-01-01,1.59196917460972,6.41687160709718,64.840250738685,56.457704612787,126392224253.794,4.45524704335014,2.389
TH,Thailand,2001-01-01,1.62690887314091,5.25258115113859,63.250689756653,57.01727651688,120296476180.402,3.44424900968372,2.6
TH,Thailand,2004-01-01,2.7591492623108,0.949922531687859,65.9718573391185,61.4400163812742,172895685154.658,6.28934214285795,1.51
TH,Thailand,2005-01-01,4.54036919634535,-0.354173197273538,68.402716900887,69.4511499313604,189318408468.595,4.18763842884337,1.35
TH,Thailand,2006-01-01,4.63747436011765,1.11279460175694,68.6753420333013,65.4116041579669,221758296021.621,4.96781089246107,1.22
TH,Thailand,2007-01-01,2.24154095286803,3.48698568702785,68.8722751702483,61.0009518194692,262942621455.053,5.43515169050809,1.18
TH,Thailand,2008-01-01,5.46848949649845,0.654506894891986,71.4164181071068,69.0205934338244,291382982430.951,1.72569884866334,1.18
TH,Thailand,2009-01-01,-0.845716092316721,4.57231980497401,64.4386124917652,54.8308063628242,281710630187.319,-0.690618232300579,1.49
TH,Thailand,2010-01-01,3.24758842443723,0.243128638611462,66.4861731592239,60.7643494790272,341104766329.17,7.51339053261624,0.622
TH,Thailand,2011-01-01,3.80879058139634,1.2766820317925,70.8549093801611,68.8204978444147,370818739623.622,0.840132083053334,0.66
TH,Thailand,2012-01-01,3.01489950334985,3.21675712469183,68.9512356297981,68.7237028804414,397558325278.579,7.24279620249642,0.58
TH,Thailand,2013-01-01,2.18488618530687,3.22433498210821,67.1711410731483,65.2911331011204,420333654592.547,2.68749556320556,0.249
TH,Thailand,2014-01-01,1.8951418189878,3.45784317114814,68.3941351612178,62.5113602831802,407339040197.651,0.984468863619426,0.576
TH,Thailand,2015-01-01,-0.900424963291569,3.98101397309843,67.6366902705865,57.2029718819397,401296238228.084,3.13404724911635,0.597
TH,Thailand,2016-01-01,0.188149704448143,1.78511916997275,67.0708839693011,53.5043433198287,413366349747.508,3.43515771692182,0.688
TH,Thailand,2017-01-01,0.665631893135106,2.46971462408852,66.6728324663767,54.2185949672612,456356813536.764,4.1776810321001,0.83
TH,Thailand,2018-01-01,1.06389754183024,2.67979728915769,64.838096899332,56.0037678316517,506754208404.485,4.22287028746071,0.765
TH,Thailand,2019-01-01,0.706728601314311,3.03891578719485,59.5188906218859,50.1706240932801,543976691793.886,2.11455779628278,0.716
TH,Thailand,2020-01-01,-0.845937147357041,4.65169004750105,51.4944266088919,46.3063166376258,500461898480.246,-6.05003846851622,1.099
TH,Thailand,2021-01-01,1.23039541318384,1.2628955644913,58.5593891849287,58.6935554359232,506194668789.937,1.55216608426647,1.215
TH,Thailand,2022-01-01,-1.61068030486688,-1.45349274915803,65.3727641914083,67.485947891463,495644697587.661,2.58037874709827,0.94
TH,Thailand,2023-01-01,8.47805174421543,2.97300810942537,65.4445629404008,63.3795512119745,515906283940.933,2.01775095328327,0.733
TH,Thailand,2024-01-01,1.36580540798037,3.20707152836772,70.0497307410759,66.6973762813753,526517658841.684,2.54182067735289,0.781
US,United States,2000-01-01,3.37685727149929,6.81386177218246,10.6927769053241,14.4102184542572,10250947997000.0,4.07758575682804,3.992
US,United States,2001-01-01,2.82617111885407,4.56709046371912,9.70344749898923,13.2637338366067,10581929774000.0,0.955538348341605,4.731
US,United States,2002-01-01,1.58603162650601,3.07320805338916,9.131381513844,13.1549925956457,10929112955000.0,1.70044732643726,5.783
US,United States,2003-01-01,2.27009497336115,2.10671171585721,9.03565868264667,13.5916543236323,11456442041000.0,2.79560596320081,5.989
US,United States,2004-01-01,2.67723669309172,1.60763317917852,9.62875008142275,14.8193121829029,12217193198000.0,3.84777169556921,5.529
US,United States,2005-01-01,3.3927468454955,2.96083428030713,9.98205473154167,15.65649830011,13039199193000.0,3.48354993555606,5.084
US,United States,2006-01-01,3.22594410070404,4.72785135317774,10.641386468295,16.3338916290247,13815586948000.0,2.78453963650701,4.623
US,United States,2007-01-01,2.85267248150138,5.19990178361212,11.4637901622698,16.5482275199969,14474226905000.0,2.00385829784946,4.622
US,United States,2008-01-01,3.839100296651,3.10106296496386,12.4258473646734,17.4419484298585,14769857911000.0,0.113587249881704,5.784
US,United States,2009-01-01,-0.355546266299747,2.61706389356322,10.9322206193664,13.8273105496213,14478064934000.0,-2.57650022958367,9.254
US,United States,2010-01-01,1.6400434423899,2.01031249832462,12.3413608086534,15.8785344260197,15048964444000.0,2.69519257744442,9.633
US,United States,2011-01-01,3.156841568622,1.16287972647355,13.5634671535102,17.2790190876841,15599728123000.0,1.56440685763506,8.949
US,United States,2012-01-01,2.06933726526067,1.362424650544,13.6440493967794,17.0377859689502,16253972230000.0,2.28911338669843,8.069
US,United States,2013-01-01,1.46483265562717,1.7482101512619,13.5836612014366,16.4242927670279,16843190993000.0,2.11783009790057,7.375
US,United States,2014-01-01,1.62222297740817,1.58866664005878,13.5524377198989,16.4520404415866,17550680174000.0,2.52381981363968,6.168
US,United States,2015-01-01,0.118627135552451,2.4751634842667,12.4718192531032,15.351745665684,18206020741000.0,2.94555045484053,5.28
US,United States,2016-01-01,1.26158320570536,2.63773113762977,11.957982056879,14.6499800035794,18695110842000.0,1.81945147788167,4.869
US,United States,2017-01-01,2.13011000365961,2.37161907294657,12.2617381180006,15.0512827697199,19477336549000.0,2.45762229852507,4.355
US,United States,2018-01-01,2.44258329692817,2.46243186978415,12.3609892157496,15.2493900563462,20533057312000.0,2.96650506901305,3.896
US,United States,2019-01-01,1.81221007526021,3.71968036171318,11.8768712235892,14.5768882704583,21380976119000.0,2.58382533412825,3.669
US,United States,2020-01-01,1.23358439630629,2.84614797883626,10.2141055302392,13.1874574667002,21060473613000.0,-2.16302914036166,8.055
US,United States,2021-01-01,4.69785886363742,-1.08716753956254,10.9604167715559,14.6491408906374,23315080560000.0,6.05505293244555,5.349
VN,Viet Nam,2000-01-01,-1.71033727851109,6.9057666506376,53.9214970089166,57.4955974105958,31172518403.3162,6.78731640463151,2.26
VN,Viet Nam,2001-01-01,-0.43154451172818,6.62403546630217,55.0619332820827,56.8940047164421,32685198808.5549,6.19289331233377,2.76
VN,Viet Nam,2002-01-01,3.83082838168467,4.16693712269503,54.7391336880928,61.9577349644058,35064105500.8344,6.32082099160833,2.12
VN,Viet Nam,2003-01-01,3.23464817293927,2.21305791691824,56.6732579147533,67.6546965243715,39552513231.9169,6.89906349055258,2.25
VN,Viet Nam,2004-01-01,7.75494748709601,1.18892233628232,59.7310414143857,73.2854564543616,45427854693.2554,7.53641060890386,2.14
VN,Viet Nam,2005-01-01,8.28457243128677,-6.55288740331808,63.6994926701393,67.0153533748869,57633255738.1992,7.54724772895918,2.078
VN,Viet Nam,2006-01-01,7.41801715108463,2.40151725937125,67.7168143260187,70.5968075435795,66371664817.0436,6.97795481056711,2.046
VN,Viet Nam,2007-01-01,8.34444889773837,1.41363787147666,70.517874602272,84.0875093942823,77414425532.2452,7.12950448605439,2.026
VN,Viet Nam,2008-01-01,23.1154483474477,-5.6163352886234,70.3366919402715,83.9807876874868,99130304099.1274,5.66177120891362,1.889
VN,Viet Nam,2009-01-01,6.71698269988629,3.62788141186044,62.6088840664865,72.0974336552711,106014659565.214,5.39789754014181,1.737
VN,Viet Nam,2010-01-01,9.20746648778413,-20.4970819101768,54.1758459668515,59.8018415728627,147201173196.979,6.42324482239482,1.114
VN,Viet Nam,2011-01-01,18.6777322770707,-3.67326480415152,61.1801557211956,64.0804222196337,172595049183.925,6.41316889681683,0.999
VN,Viet Nam,2012-01-01,9.09470339557192,4.02832802666538,63.4739249038633,59.7501918421214,195590661129.249,5.5045447041189,1.027
VN,Viet Nam,2013-01-01,6.59267475899192,6.08970870368918,66.8004459919109,64.0459088748316,213708811665.34,5.55351081026072,1.316
VN,Viet Nam,2014-01-01,4.08455446637617,4.78973116512498,69.5985759502054,65.8119455041556,233451469642.519,6.42224312118567,1.256
VN,Viet Nam,2015-01-01,0.631200905175754,8.98829687567201,72.9228518369495,71.9913763582877,239258328381.741,6.98715430598611,1.848
VN,Viet Nam,2016-01-01,2.66824816969082,5.04860292807267,74.1072862556183,71.3022217174998,257096001177.982,6.69000892660424,1.848
VN,Viet Nam,2017-01-01,3.52025688811617,2.59151415896465,81.7625218355655,79.2175618233041,281353605986.903,6.94019037359206,1.874
VN,Viet Nam,2018-01-01,3.53962805942641,3.61415504341763,84.4234560833365,80.2404806925565,310106478394.659,7.46500685572751,1.161
VN,Viet Nam,2019-01-01,2.7958236745225,5.15925265729481,85.1575874073411,79.5466276240668,334365270496.667,7.35926270105006,1.681
VN,Viet Nam,2020-01-01,3.22093436652514,6.09064299683403,84.381598008957,78.8642648059779,346615738537.796,2.86541320912272,2.103
VN,Viet Nam,2021-01-01,1.83471554810444,4.79218047283212,93.8502071275575,92.8256257092568,366474752771.009,2.55372852648131,2.383
VN,Viet Nam,2022-01-01,3.15650749963129,3.41861684479736,93.420129043511,89.7334901043249,413445230668.578,8.53750046755788,1.57
VN,Viet Nam,2023-01-01,3.25289282667662,7.08136836215213,86.4674192371297,78.3506520327642,433857681378.291,5.06502391455075,1.645
ZA,South Africa,2000-01-01,5.33895913599828,4.87058238653657,24.4043033106919,21.8164184247158,151752757215.309,4.20000000067826,22.788
ZA,South Africa,2001-01-01,5.70189483049608,5.53834143339361,26.3566606345688,22.8142845512603,135429905922.526,2.70000000019104,22.652
ZA,South Africa,2002-01-01,9.494713780996,2.85418551575979,28.4311672176802,25.0343344117566,129087556612.449,3.70037440406668,22.579
ZA,South Africa,2003-01-01,5.67942414068799,8.04784838936569,23.9152733614034,21.8085892075755,197018965308.697,2.94907546754213,22.679
ZA,South Africa,2004-01-01,-0.692039437857687,4.95038435886221,22.7575187856654,22.8860564383387,255806908594.573,4.55455990721774,22.567
ZA,South Africa,2005-01-01,2.06285308223427,4.76148920296545,23.5997644915436,23.8280169054893,288867217196.534,5.27705197295467,22.472
ZA,South Africa,2006-01-01,3.2439076541923,4.8103022796052,26.098249881712,27.6698913924026,303858675363.643,5.60380645895889,22.304
ZA,South Africa,2007-01-01,6.17781214809388,4.54604566856025,27.958964394702,29.166174743045,333077117253.684,5.36047405394162,22.26
ZA,South Africa,2008-01-01,9.90998456005467,6.74515150291692,32.2546736710677,33.7198501285556,316131258616.309,3.1910438863288,22.407
ZA,South Africa,2009-01-01,7.23809523809527,2.80250897674705,24.9827464883237,24.6047888395564,329754060647.129,-1.53808913525583,23.523
ZA,South Africa,2010-01-01,4.06749555950263,3.49095978979672,25.7834176267221,24.6226695358778,417363822801.713,3.03973288127956,24.683
ZA,South Africa,2011-01-01,5.0008533879502,3.27930122317635,27.6981484703752,26.9382019655219,458199494830.834,3.16855627858818,24.639
ZA,South Africa,2012-01-01,5.73797139141739,3.88287299810937,27.1391491937679,28.4434679995666,434400545085.811,2.39623238465745,24.727
ZA,South Africa,2013-01-01,5.78016910069176,2.50924549715633,28.379280320361,30.4957473096901,400886013595.573,2.48546800826588,24.561
ZA,South Africa,2014-01-01,6.13282953059149,3.56702763012509,29.0006193033471,30.4989547517121,381198869776.106,1.41382645223793,24.89
ZA,South Africa,2015-01-01,4.51869094892506,3.66774283297157,27.7136384124829,29.0130377322327,346709790458.563,1.32186223678229,25.149
ZA,South Africa,2016-01-01,6.60290842394872,3.27825167845193,28.1560881698955,27.7051693349827,323585509674.481,0.664552307858116,26.536
ZA,South Africa,2017-01-01,5.18618655524149,4.64731548547952,27.3400757812216,26.1958560481525,381448814653.456,1.15794695181735,27.035
ZA,South Africa,2018-01-01,4.50987264867388,5.85618355804149,27.4970371508423,26.9885079767917,405260723892.517,1.55678384721676,26.906
ZA,South Africa,2019-01-01,4.10285075461156,5.26841565254553,27.2021294051151,26.6958670030255,389330032224.269,0.25993557687633,28.468
ZA,South Africa,2020-01-01,3.23238831615113,2.19841383909371,27.5759141603963,23.1837449200214,337974655408.055,-6.1689177146757,29.217
ZA,South Africa,2021-01-01,4.61874544887136,0.59508785972345,31.1916105051608,24.9731031225938,419986284375.368,4.85864865060148,34.007
ZA,South Africa,2022-01-01,7.03987272546482,3.37387624023208,33.5394403164272,31.4076940859128,407596043067.885,2.05813661692193,33.268
ZA,South Africa,2023-01-01,6.0752438457966,6.47206699043374,33.2538127556816,32.4260632183892,381440724491.232,0.80610455095804,32.098
ZA,South Africa,2024-01-01,4.36115246518962,7.41753982186412,31.7919070646303,29.8548634083947,401144998373.585,0.534843531905139,32.279
